Date,SNAP,GOOGL,PLTR,HOOD
2021-07-30,-0.00667378553417064,-0.007740525580635538,-0.02119031624149481,0.009477364559073775
2021-08-02,-0.012362243907299897,0.0009501187107188169,0.017964132355767992,0.07197720254533091
2021-08-03,-0.0016326904296875,0.005750621760366448,0.0063348139018957195,0.24203818625319995
2021-08-04,0.04796953399036785,-0.0037197007534357507,0.002697817741001085,0.5040598405375005
2021-08-05,0.00546161457232186,0.008333038919133617,0.009865525929593,-0.2758914382346368
2021-08-06,-0.017330526942310964,-0.003765260707210172,-0.031083514596383144,0.07926225238521489
2021-08-09,0.028560122046207947,0.00865276356018807,0.05087078945353318,0.033084958463070135
2021-08-10,-0.030070357367080858,-0.0007741692732047278,-0.0004361198756538398,-0.050853477234386824
2021-08-11,0.00963055010750602,-0.0038592588495066638,-0.02486909655003744,-0.05098257452751043
2021-08-12,-0.016594755825475982,0.006713946414133476,0.11364648612196948,-0.06036335681743199
2021-08-13,-0.0085038449572451,0.003888764072098594,0.000401776983811164,0.052598808196539615
2021-08-16,-0.029214690765682616,0.004225672347112797,-0.01606424195414846,-0.06794395356180682
2021-08-17,-0.008696919679455961,-0.011915366272099659,-0.02163268108757177,-0.011019293767670413
2021-08-18,0.002088866884538021,-0.008872211090960258,0.054651706750828755,0.0670666636151267
2021-08-19,-0.0152862491400233,0.0017054882746405653,-0.044303829462514766,-0.10261045559512305
2021-08-20,0.02624894996232685,0.012894342801124337,-0.00620859352142511,-0.04587154397081061
2021-08-23,0.038228805454219694,0.01900604799323391,0.033735920792205,0.06214825431076898
2021-08-24,-0.011523215186517,0.008711673710732226,0.011281252622412197,0.09030691256148038
2021-08-25,0.0008040357791321284,0.005787108600543656,-0.02988047763352597,-0.008100476250033739
2021-08-26,-0.04123713656952854,-0.004493841091063211,0.021355254604406015,-0.043282951239243084
2021-08-27,0.021086470093008014,0.018124012053154948,0.033775561596046666,0.00021336580031960928
2021-08-30,0.019009837765814552,0.004072940480960741,0.001944813154014291,-0.06891400929900637
2021-08-31,0.021473606606476014,0.0007398566701544151,0.022515524788534913,0.01558204204139102
2021-09-01,-0.025489455076188716,0.003580066581366781,-0.005315086895877785,0.0056407942626677254
2021-09-02,-0.0033706351108510058,-0.013280292360298596,0.01183204034027674,-0.0017948848307196563
2021-09-03,0.015692690622883587,0.0031579708553506336,0.004903778183485974,-0.025623806728185983
2021-09-07,0.01877991473531959,0.0037637950553575106,0.0022523038538180273,-0.028142963066865367
2021-09-08,-0.03085371520802993,-0.004085880953447418,-0.041947595776401614,-0.049371036751026165
2021-09-09,0.006610083789548193,-0.0010438218215059747,0.021501143029748038,0.03071159964213277
2021-09-10,-0.0016081846980035008,-0.018566205918454703,0.005740586708633755,-0.0026647435466188307
2021-09-13,-0.04348990421167154,0.010338974758562047,-0.017123316255015397,-0.01384502599405435
2021-09-14,0.0007015916483934515,0.0014893833176559124,0.01664732119418777,-0.014285665964424044
2021-09-15,0.032393847525940656,0.013223952693185437,0.03122618764954721,0.046226847900052936
2021-09-16,-0.015484913707115577,-0.005673987711426132,0.057237785872505276,0.0019107196822440997
2021-09-17,0.0314569353435159,-0.019566850233931454,0.002794269160010465,0.010250305062107667
2021-09-20,-0.04052967753766912,-0.014776299354404276,-0.07523510680222589,-0.03964134645668371
2021-09-21,0.06078339295847224,0.002259950399051691,0.0026365952611833166,0.03906634208311144
2021-09-22,0.032987281601176255,0.008994024409134438,0.030428228414951075,0.10853629825537814
2021-09-23,0.009796492206223917,0.006647474523211905,0.04885162733064363,-0.020051246160179392
2021-09-24,0.0471210499476844,0.007074252146217042,-0.007299304431002129,-0.02242052264011274
2021-09-27,-0.03645769169828983,-0.00803701040051319,-0.03816527216282717,-0.0033400473477745996
2021-09-28,-0.07067936479385106,-0.0371584710156353,-0.07753910498756755,-0.003127779153224153
2021-09-29,-0.03574302738729218,-0.010870088508056486,-0.03235989304997988,-0.03339305018908911
2021-09-30,0.029403575077184385,-0.005042787774921398,-0.019575837409266716,-0.024344985185654977
2021-10-01,0.01868142956691332,0.021447429327417833,0.01206318623687741,-0.004277573606067286
2021-10-04,-0.05342188229988576,-0.021117835760783854,-0.04767775795518425,-0.02315038628588162
2021-10-05,0.03060508497032921,0.01768288614286262,0.0017263274944756546,0.026386464898727313
2021-10-06,-0.003814281361164573,0.011336425219034885,0.015941441354081265,0.0011902655023954267
2021-10-07,0.043074000330714846,0.012067111269116637,0.006361306998117211,-0.005230651771752637
2021-10-08,-0.016780267432886742,0.0040257529998271036,-0.009692353420696853,-0.0014340672340390492
2021-10-11,-0.019600016276041687,-0.006234647420942374,0.0012766249636386728,0.006941142269038192
2021-10-12,0.023527857822033482,-0.017744773964445293,0.006799823320996268,-0.03660567926547442
2021-10-13,-0.004119122763604599,0.008303398432063958,0.01857317926508384,-0.0002466894111605722
2021-10-14,0.022548399068959446,0.025941054266402697,0.009117332298163916,0.010118456139690313
2021-10-15,0.009133571944374808,0.0015370854211242957,-0.014373732073371004,0.002443158401551404
2021-10-18,-0.019911990678209257,0.009974092940747026,0.010833342870076423,-0.00926144929864603
2021-10-19,0.008311309077227769,0.003215029272742642,0.017724662041175954,0.02583023856449529
2021-10-20,-0.010205400708915735,-0.010248928891284148,-0.019036096012019166,0.0031175315524398783
2021-10-21,-0.007138148111505593,0.0008252861973860881,0.023121444639440547,-0.013148530425104776
2021-10-22,-0.2658767282442398,-0.03044344137737487,-0.014124308788189377,-0.04093989042355706
2021-10-25,-0.01160680806551817,-0.0008685744432682663,0.04011459394164252,-0.014650210376843664
2021-10-26,0.01633026403024651,0.013543291750181208,0.004329028375132715,0.014355329335707712
2021-10-27,-0.060841288482024525,0.049594977308724086,-0.01802511691105191,-0.10437202678713797
2021-10-28,0.04555937929698839,-0.002520213622906331,0.023144450760834934,0.0008465743554382232
2021-10-29,-0.033278131621715556,0.015063500795726714,0.009360365711048368,-0.014096419024315132
2021-11-01,0.026626049114261807,-0.03072704331722298,0.026275128563630012,-0.0034315911464991578
2021-11-02,-0.032975153656756295,0.013488117547058032,-0.024096363046584468,0.004017308765441374
2021-11-03,0.014176204079577426,0.008014255070299514,0.007716078794396619,0.058588143433046413
2021-11-04,-0.01284473598064495,0.011388171857009466,0.013399634872728772,0.0008099022288170499
2021-11-05,0.017412932962861394,0.003942361737546252,-0.017755924652305133,-0.001618596541272499
2021-11-08,0.03253720926294901,0.0012023293778185007,0.028846153846153744,0.026209166838539355
2021-11-09,-0.0014572282118603397,-0.0007547893537208639,-0.09345794392523366,-0.033701916659409914
2021-11-10,-0.03538851947297894,-0.020313068059353845,-0.07134018730871461,-0.06021795745313352
2021-11-11,0.007753400891274298,-0.0008705554352004263,0.020870306563091745,-0.009278152912392423
2021-11-12,0.007693748177299176,0.019973666815395807,-0.006959541061549501,0.030436083443297512
2021-11-15,0.034078174866998934,-0.0015200802257107071,0.025405165380828487,-0.007100255793822119
2021-11-16,-0.007563446392545248,-0.003879970426897028,-0.011960729964569428,-0.031178494883657204
2021-11-17,-0.009980025965690809,0.0011561825298516126,-0.027669667655414898,-0.0292293444047782
2021-11-18,-0.019978008158949234,0.0121011160171558,-0.04401955452171813,-0.07147202874481029
2021-11-19,-0.040209490869554054,-0.006086704861813619,-0.0041860536087391376,-0.05044221686509731
2021-11-22,-0.0401403231788946,-0.017622804532037684,-0.03549744205036509,-0.03966883848257152
2021-11-23,0.028623627597562207,-0.0035543386465498594,-0.0029055431985840485,-0.006824731789376592
2021-11-24,-0.019932866746227962,0.002318729545538023,0.025255000189901233,0.011934897947879053
2021-11-26,0.0020136623928384,-0.02694370604069829,-0.003789669417007313,-0.0021443697971407216
2021-11-29,-0.018287778900874962,0.023543614428590542,0.001901997473738204,-0.03044413965426296
2021-11-30,-0.025383785107515155,-0.02496364164905529,-0.01993355872696656,-0.041743597100322716
2021-12-01,-0.0073514447454609,-0.005962273515551786,-0.06150123395760443,-0.07748651455279776
2021-12-02,0.01375373569538918,0.013573092235126039,0.015995943586963213,0.011282927468466264
2021-12-03,-0.023377143298932035,-0.006746290329490479,-0.036058962547675266,-0.1095041918319768
2021-12-06,0.024150400327155763,0.008123141836034353,-0.009483683325451353,0.016241317580550696
2021-12-07,0.05175299356628038,0.028741535915768113,0.03510637628702917,0.03789954055541478
2021-12-08,0.05992056650069211,0.006226654475607329,0.01849951836014263,0.043554764234753796
2021-12-09,-0.019842710500315164,-0.0036978744007191144,-0.03077702420504369,-0.07630689369047927
2021-12-10,-0.02941178184827764,0.002458422558805573,-0.014055104803897489,-0.08124147416896266
2021-12-13,-0.05273514996594397,-0.01469548470217752,-0.02851113517955406,-0.021361073807952047
2021-12-14,-0.026796861900350022,-0.01316296265028949,0.013043466092057088,-0.028934090360299147
2021-12-15,-0.009391646553671307,0.017608251680610643,0.01180264098212902,0.019341393385537975
2021-12-16,-0.036845487827942947,-0.013629853685677928,-0.027571603443017012,-0.06974362104366982
2021-12-17,0.013199108333730836,-0.0188306735673327,0.039258413705786976,0.052921776412468535
2021-12-20,-0.019209598785496107,-0.0008326908717454229,-0.05771250851477083,-0.0560209253117242
2021-12-21,0.037820809870052985,0.013173832497021642,0.0523385624707684,0.04991678226595342
2021-12-22,0.014533666069830753,0.020509045093493716,-0.001058225299859883,-0.029054470974245072
2021-12-23,0.040838140447250204,0.0034254718476600665,0.0026483658173610536,0.02829164752486224
2021-12-27,-0.0008217114888368071,0.006738431964907088,0.0005282741004024594,-0.024338576389263844
2021-12-28,-0.019120072303572155,-0.00824510498459119,-0.019535418627262935,-0.053687621607694136
2021-12-29,-0.013623930489514158,-0.00021829288060692953,-0.021540098282379683,-0.019484248580091013
2021-12-30,0.02061192897789388,-0.0030990540704758374,0.02861862716457031,0.06370544206342332
2021-12-31,-0.0208203211620952,-0.009223484202209642,-0.02568225981108374,-0.024175852506203577
2022-01-03,-0.009355701427376517,0.0009629703103759546,0.017572851085188246,0.03828830497816904
2022-01-04,-0.054947442904200505,-0.004082890133571326,-0.019427986886747073,-0.05639918033660152
2022-01-05,-0.06132175841693954,-0.04587639989582171,-0.06659333994169625,-0.08160920157617157
2022-01-06,0.008468387578393743,-0.0001994341640527697,-0.012971658327264102,-0.025031265956738324
2022-01-07,-0.0076775358080907186,-0.005303221013900461,-0.01075270654939553,0.019897331266671703
2022-01-10,0.008462245380951305,0.012060590539069382,-0.003623156272787309,-0.017621188206151883
2022-01-11,0.03836016120686003,0.007690786034065589,0.023636326645359862,0.05124921257718662
2022-01-12,-0.013391868221282688,0.01212647104412179,-0.010065132175086755,-0.009750143138321898
2022-01-13,-0.10180197801830893,-0.020105210466518142,-0.04246406182000084,-0.058461526724008395
2022-01-14,-0.008858784344077386,0.006447288147082508,0.0,-0.00849673940001916
2022-01-18,-0.061514198114352214,-0.024967699334177085,-0.06495939706339793,-0.05075810506863121
2022-01-19,-0.018207325265765295,-0.006481646921863926,-0.027388098870988475,-0.03541661727207546
2022-01-20,-0.001711770610548613,-0.013388575545721149,0.004120842322335783,-0.014398902663497637
2022-01-21,-0.0820235098287595,-0.022174238115729272,-0.07455541457729686,-0.05186267786043963
2022-01-24,-0.009962630929808758,0.003471471496933276,-0.009608286548899336,0.01078585117566444
2022-01-25,-0.035849038270411415,-0.02957875865173576,-0.02537307526810706,-0.0053353426398475845
2022-01-26,-0.06621006838709598,0.01810382686102674,-0.023736631673538455,-0.049042171185341155
2022-01-27,-0.011526368612622018,-0.0017642399152481003,-0.0368627660414752,-0.06446415798318395
2022-01-28,0.07491169245181917,0.03368855804390014,0.03501631225782953,0.09646855458044201
2022-01-31,0.06969102018134099,0.014641786971185455,0.07867820590076047,0.11154753553467045
2022-02-01,0.03441914260519674,0.0172981966868484,0.0357403187275549,0.03533568999855086
2022-02-02,-0.04723708139618832,0.07523770862933077,-0.061971839877542845,-0.04300335680348666
2022-02-03,-0.23604614177922623,-0.03317583373385857,-0.06531530822010001,0.009272407740515742
2022-02-04,0.5881632590780452,0.0014186343370228283,0.039357411937750664,0.07279156992320046
2022-02-07,-0.02647131285880433,-0.02855670649763009,0.003091187260443773,-0.08366274257126671
2022-02-08,-0.008447721378064377,0.0014224288322430834,0.013097078758806724,-0.03810206605212829
2022-02-09,0.07241739367826683,0.01573174708031133,0.05475287360573167,0.03961133994305177
2022-02-10,0.008440917648752322,-0.020990011550235943,-0.022350358219190958,-0.028037339606513
2022-02-11,-0.027818741583741757,-0.031290387700888544,-0.031710935978565113,-0.014792955337853186
2022-02-14,0.0032919029600562144,0.00926007744738011,0.00990099872870065,0.0022523038538180273
2022-02-15,0.04568403387397346,0.007987535453247041,0.06862743828842643,0.02397001390864295
2022-02-16,-0.034274727810349015,0.008268195997888306,-0.014114312504467152,-0.01170445109869278
2022-02-17,-0.013996440442047287,-0.03774574879438097,-0.1574802982973057,-0.09326426406627242
2022-02-18,-0.036501962320848236,-0.01611597106051077,-0.06372132292529253,-0.035918333092514354
2022-02-22,-0.029992092606923704,-0.004520583646512311,-0.049001895925231964,-0.04233700103595994
2022-02-23,0.0029834720243626656,-0.017143783200593066,-0.00477091977523858,-0.03978786438937232
2022-02-24,0.05002710415681322,0.03999580834789662,0.13422814741774625,0.05985272493125149
2022-02-25,0.008241042486078376,0.013328136781751931,-0.030431078529074673,0.008688047420232214
2022-02-28,0.02017872464980308,0.00444379498379166,0.03312991330377302,0.034453108013189127
2022-03-01,-0.05257883190603729,-0.007371057916672807,0.02784809393104215,-0.01998332777221845
2022-03-02,-0.012420751025577936,0.0038043267303502493,-0.009852207106110566,-0.02378935223072276
2022-03-03,-0.045758606725933126,-0.004993668086356817,-0.059701512601746054,-0.009573512521187877
2022-03-04,-0.0720695374599315,-0.014884458468284234,-0.0335097098172612,-0.03690686046311864
2022-03-07,-0.08673317697186356,-0.041908450140391906,0.013686096533594094,0.04197080625418925
2022-03-08,0.03309066918337389,0.005744710441499601,-0.006300602789141241,0.028896665630596674
2022-03-09,0.07879567731985859,0.04968744342720588,0.05525359228125026,0.05702128308884635
2022-03-10,-0.05760096545365789,-0.007423876104129867,0.018884143710947487,-0.029790650828199317
2022-03-11,-0.05324513378211915,-0.019323508547424595,-0.04043804101635173,-0.08547715491018404
2022-03-14,-0.06821961028645518,-0.0301801215608668,-0.07813874596101356,-0.0335753923651364
2022-03-15,0.05642856870378776,0.025779953981147408,0.025714329310825956,0.036619751858411265
2022-03-16,0.10074379503959108,0.03159870271318388,0.09470747082040076,0.15760867546471546
2022-03-17,0.043304661791836896,0.004190450830500181,0.044953327793555875,0.04773087817661059
2022-03-18,0.05975857245656169,0.01708387515882004,0.04058441658972245,0.003734072873678551
2022-03-21,-0.023055606418185715,-0.00017625296348555697,-0.017940682348782322,-0.02901781263577352
2022-03-22,0.030423757896759884,0.02767422484932669,0.0540111435213928,0.028352481237645666
2022-03-23,-0.009933791216281018,-0.011385746942160213,-0.006782226788487833,-0.025335331643439485
2022-03-24,0.03260864364870475,0.023840144742467206,0.015933234695336473,-0.009174303230812364
2022-03-25,-0.044534352096050056,0.0007133446408777999,-0.03136669645444701,-0.04398145780451079
2022-03-28,0.0234462706378884,-0.0015351060152795082,0.03469543562069832,0.03389831030313828
2022-03-29,0.045266337575758264,0.0074226584405134854,0.058122185434934526,0.2419983861240318
2022-03-30,-0.027198278541002652,-0.003978752554380294,-0.022535190079046807,-0.08485225900332105
2022-03-31,-0.023072705499470048,-0.020226945482600844,-0.010806957562523922,-0.07211539563695324
2022-04-01,0.03889962894942767,0.00778743420649608,0.007283349220959856,-0.0007402093791573083
2022-04-04,0.052153003337018555,0.020128484254249512,0.057845278029508895,0.024444438793041146
2022-04-05,-0.027707172047791384,-0.016650236065966606,-0.05058098190906557,-0.057845278029508895
2022-04-06,-0.04653591579861116,-0.028757125763592684,-0.06407489714358416,-0.039907867593699575
2022-04-07,-0.006032388630089591,-0.004829766551727843,-0.012307680570162294,-0.035171904556946965
2022-04-08,-0.016000050511853492,-0.019140699043366016,-0.01090345340023513,-0.06876552980046635
2022-04-11,-0.03560405686177126,-0.0334916685429264,-0.0031496033428162207,0.00978653136935237
2022-04-12,-0.024127959134835564,-0.008608602346571126,-0.015797773434098383,0.0070484511909501
2022-04-13,0.03306525530063387,0.017065325544791232,0.035312967819921104,0.04024497164174812
2022-04-14,-0.04296429254195888,-0.02435817940073859,-0.03720926794035173,-0.04289320556397158
2022-04-18,-0.016571234101165233,0.007468630329385828,-0.021739167158220996,-0.03427068008794254
2022-04-19,0.030330934343729465,0.01826883708007121,0.06255146113113774,0.051865392208333194
2022-04-20,-0.08534049206303651,-0.01514521087254983,-0.00929511130731242,-0.0735294420947703
2022-04-21,-0.043563073557122745,-0.025191327295196242,-0.035965601213366005,-0.025210126685525802
2022-04-22,0.011556769262616617,-0.0414935756365884,-0.030008101204259452,-0.017241317886610097
2022-04-25,0.005040309723677305,0.028741390230982322,0.01254177408460233,0.012670576173572368
2022-04-26,-0.040789011019003674,-0.03594575596069294,-0.08175060274029777,-0.03753612419978325
2022-04-27,-0.05576857273217484,-0.03670882554993926,-0.050359664721725594,-0.04899997711181636
2022-04-28,0.0634920377876107,0.03699211207682995,0.03693175891583844,0.06098842373784574
2022-04-29,-0.012148572994021722,-0.037233411173300035,-0.050228328795904775,-0.028245772358983845
2022-05-02,0.03724530595186626,0.021676628622566252,0.0326923235633676,0.06884234737904427
2022-05-03,-0.019986454723537217,0.006441680431503727,-0.01769083653933068,-0.03625946348901399
2022-05-04,0.04251640267063084,0.041991253386668426,0.04075823163293357,0.07920784226189626
2022-05-05,-0.09582226141477967,-0.047075484484438546,-0.07832419786258815,-0.026605502018552385
2022-05-06,-0.08617529673713997,-0.006514676434882349,-0.0632411413596965,-0.04618282629347592
2022-05-09,-0.06139649606586384,-0.027953311395333413,-0.21308012675418742,-0.0612648115188027
2022-05-10,-0.021376657248707853,0.016744926215592537,-0.022788213863893292,-0.024210478130139768
2022-05-11,-0.04587152752548296,-0.006927730264086995,-0.0795610324747692,-0.12081993354114584
2022-05-12,0.04258243125816019,-0.006676761249557295,0.09388973336204298,0.05030684911373817
2022-05-13,0.08695649988716747,0.028415346410508135,0.13623977918412256,0.24883166546176172
2022-05-16,-0.05373737065479012,-0.013834456878803247,-0.03597124523334372,-0.054256309305229955
2022-05-17,0.04782240971754215,0.017720211152638,0.039800957256530545,-0.004945523121509199
2022-05-18,-0.07375718442397294,-0.0392666073906629,-0.04186596198193149,-0.03280326676099132
2022-05-19,0.02067757281867877,-0.013543375049804629,0.03745320626248505,0.04933201628911088
2022-05-20,0.0025861837917793284,-0.013371507908706448,-0.027677555270358645,-0.012732626244388534
2022-05-23,-0.03396392552681071,0.023689736963227404,-0.008663328649155755,-0.001984077801659545
2022-05-24,-0.4307966020162891,-0.04949407741611345,-0.05742821785302077,-0.09443347150234505
2022-05-25,0.1071149249136194,-0.001557120441842974,0.05430461417938104,0.013172326024307512
2022-05-26,0.04590399570684922,0.018784587777921802,0.05025120811725392,0.005417139026504092
2022-05-27,0.05199186240869014,0.04196940406640404,0.05861252929611194,0.1185345272760625
2022-05-31,-0.09435175059225132,0.012869946205981142,-0.019209047340822072,-0.03082848663739679
2022-06-01,-0.012756864343103191,0.0011427515863284832,-0.02534565199238814,-0.0685885194112057
2022-06-02,0.06963383288614011,0.03275470941313863,0.09929079773052574,0.0352187756389033
2022-06-03,-0.027516768987176143,-0.026198252723341642,-0.03870974225465218,-0.05463914880337961
2022-06-06,0.04554864443322071,0.019901210263062907,0.004474268873658316,-0.006543120950654124
2022-06-07,0.008580865855726705,0.0028162466255465812,0.01670385076291825,-0.042810033407913894
2022-06-08,-0.007198930536620907,0.0003799265147825803,0.005476472081942019,-0.03899084199268488
2022-06-09,-0.0705339281109365,-0.020124790453405206,-0.054466229126168386,-0.04176615473627321
2022-06-10,-0.058156072788209556,-0.031993546845986875,-0.04838710386260059,-0.027397235056974
2022-06-13,-0.0948794654023396,-0.04290155164234333,-0.07506057448138481,-0.07426375517995654
2022-06-14,-0.009151464738964554,0.0030359380355264864,0.02356024978028981,0.0
2022-06-15,0.1083123407540032,0.028571362814528545,0.03836313392739599,-0.024896241751558135
2022-06-16,-0.0742423906361318,-0.033991073808477656,-0.05541869650336251,-0.02269508083979066
2022-06-17,0.016366596145235945,0.01046834899148541,0.07431547446602327,0.043541392822680214
2022-06-21,0.034621602458483336,0.04107117657214032,0.057038868942229426,0.05006955920019496
2022-06-22,0.01789879652984272,-0.0005064289294773872,0.03444319051905387,-0.007947075245154256
2022-06-23,0.06574920960959574,0.006767349762749397,0.04994448366634319,0.06542059585165672
2022-06-24,0.05451938678329138,0.051077278318302,0.07716697032691777,0.002506263268008846
2022-06-27,-0.009523768126867505,-0.018152129518417603,-0.05593716568168672,0.13999998569488525
2022-06-28,-0.05700555312224509,-0.03303017747727155,-0.03222447709253451,-0.027960539214994307
2022-06-29,0.016751675424541368,-0.002731896508896936,-0.008593004701890727,-0.04455719281304993
2022-06-30,-0.05945558176490007,-0.024516381003070187,-0.017334762226146716,-0.029515937676315773
2022-07-01,0.003046455560121064,-0.002069472574698583,0.022050801507036866,-0.0048661752498319055
2022-07-05,0.09187547692767128,0.04161863999185744,0.0862998055615567,0.02689478058030037
2022-07-06,-0.0069541293931773,0.011557144846499279,-0.026812265369593802,0.027381012661389592
2022-07-07,0.05742301567451924,0.036754131844553006,0.03877552112704841,0.04519123269420944
2022-07-08,-0.009271545681188043,0.004802889681440714,-0.000982340725152242,-0.0022173455375444906
2022-07-11,-0.06016040215476848,-0.030807672919421547,-0.0599803001082706,-0.07333331637912321
2022-07-12,-0.00142250762210272,-0.014315704545514896,-0.007322243245397431,0.007194180437007036
2022-07-13,-0.014957267714925004,-0.02339052760537974,-0.0221285609285351,-0.004761900436850985
2022-07-14,-0.04772233196334308,-0.008854646456187387,-0.04094828937233741,-0.014354053886023399
2022-07-15,0.03644643427909533,0.01277544708570999,0.01573037632847374,0.02063107779320683
2022-07-18,0.019780253868808773,-0.024580188440214923,-0.0011062200137206268,0.02497027847290534
2022-07-19,0.01652295552986538,0.04384121369745975,0.03433005855856197,0.04756378803426364
2022-07-20,0.09611311993044591,0.0007908487330337,0.08244105904816368,0.042081962976524334
2022-07-21,0.05415861638890829,0.0038629119749866714,0.03758656056827303,0.0
2022-07-22,-0.3908256999531854,-0.056323152737929316,-0.061963740010738566,-0.03506906791255793
2022-07-25,-0.001004039040515603,-0.0036145051384386395,-0.016260146842582146,-0.020925064094686863
2022-07-26,-0.0321607739656683,-0.023160665875569086,-0.028925689857240422,-0.05174353435120804
2022-07-27,-0.008307364772103032,0.07655696603654216,0.0659575387653406,0.05575317868801566
2022-07-28,0.012565432791876052,0.0102599639825951,0.010978009146897394,0.023595510915499496
2022-07-29,0.021716653204769676,0.01838555464288172,0.021717696401126974,-0.006586110669982936
2022-08-01,-0.03441297051109704,-0.012551498139079409,0.011594191414130428,-0.0011049976432125908
2022-08-02,0.03459118710960207,0.0023505899929430196,0.04297992337996748,0.02101765278595802
2022-08-03,0.04559268637110492,0.025623258541330518,0.025641001008694042,0.11700985167315614
2022-08-04,-0.006782916365717151,0.0009317040277772026,0.01071427567880967,0.05528609812078078
2022-08-05,-0.006829238519435954,-0.0060919999729853735,0.011484109359151118,-0.04411769217479555
2022-08-08,0.02259327459149385,-0.0014470863796489652,-0.14235809096887064,0.026923143934218574
2022-08-09,-0.024015370188708474,-0.005711934282395359,-0.05804477724420354,-0.054307107409442
2022-08-10,0.04035431629622921,0.026322482808235126,0.036756773252744956,0.04752470535713771
2022-08-11,0.05108798272884041,-0.007184634001086487,-0.0177268064222158,-0.006616228291965731
2022-08-12,0.04590461247902189,0.023897788479187332,0.052016960419276614,0.03996194739746728
2022-08-15,0.0533562729488144,0.0032872956770320094,0.0,0.007319297481462206
2022-08-16,0.030228749385448728,-0.0031127488286247784,-0.017154397468365112,-0.009990972576277013
2022-08-17,-0.041237075198016004,-0.017666342969126725,-0.0318274613169518,-0.044036656792199924
2022-08-18,0.03887512498733958,0.005186103297573297,-0.029692542691841295,-0.023992322281145007
2022-08-19,-0.07961783173495451,-0.02463182334418379,-0.06994529140223482,-0.08947884371538006
2022-08-22,-0.04757786944380582,-0.02533912989156628,-0.05170393915670091,-0.023758127601620327
2022-08-23,-0.03723885911796643,-0.003326301809451704,-0.007434878340932816,0.015486763707248663
2022-08-24,0.024528232627428537,-0.0014930345277969215,0.011235973784791575,0.015250477668230955
2022-08-25,0.032228397102621376,0.026035698056922518,0.03950613330294139,0.05257518678510231
2022-08-26,-0.04817127207987859,-0.054093460765176626,-0.05700712763945226,-0.043832852883056495
2022-08-29,-0.03748824889129776,-0.008337909742203609,-0.016372810264994708,0.0
2022-08-30,-0.025316476854223224,-0.004386662352346082,-0.0025608170388021767,0.009594898879514036
2022-08-31,0.08691307349313271,-0.0066092667258425,-0.008985901412601027,0.008447721378064488
2022-09-01,0.06985296147865805,0.014045484100479566,-0.029792749394333407,0.008376955194584035
2022-09-02,-0.03608247971701106,-0.0172224402000547,-0.012015978438046915,-0.018691620253031727
2022-09-06,-0.04010693391759623,-0.009643148563725612,-0.016216200542241155,0.012698400844561863
2022-09-07,0.0640668106829938,0.024716919063046516,0.015109842514708038,0.02925817090641525
2022-09-08,0.09336821040685028,-0.009776156992973628,0.01894456642112674,0.02538070967695716
2022-09-09,0.009577006234350982,0.020944775742275823,0.034528518565777766,0.04950494862528321
2022-09-12,0.0,0.0018980130966579356,0.028241369461634358,0.03867922949595792
2022-09-13,-0.06956515314652978,-0.05899334935749867,-0.06616731518899543,-0.05449594632121657
2022-09-14,-0.021240440975097474,0.0065182858312038405,0.020053488634350414,0.035542736885924464
2022-09-15,0.03298603695024238,-0.019904589835191167,0.049803421853390484,0.043599283735721084
2022-09-16,-0.05042012159908904,-0.0010690466615672634,-0.028714108926510384,-0.0888888888888889
2022-09-19,0.004424795565566519,0.002626499248835623,0.01028276626589264,0.000975632086032796
2022-09-20,-0.02026436019210609,-0.018725222098684102,-0.030534382172842545,-0.031189146331374817
2022-09-21,-0.024280531193169197,-0.018390311248846603,0.009186374371741968,-0.0020120226291382437
2022-09-22,-0.03594473083971683,0.00866237539573067,-0.04161250575816522,-0.027217787871685384
2022-09-23,-0.013384353997340503,-0.013980515970314467,0.004070584840460079,-0.021761662844392515
2022-09-26,-0.013565832731434191,-0.005772686955111128,0.017567582806154336,-0.021186421414757683
2022-09-27,0.026522543810934884,-0.006824918995376961,0.013280199448375996,0.04004327864981172
2022-09-28,0.029665112466494836,0.026154002260666553,0.04062908756617434,0.041623370082709776
2022-09-29,-0.05297403683770818,-0.02628698570742094,0.017632224871117375,-0.023976000562486832
2022-09-30,-0.03631009821348441,-0.018168725690168808,0.006188142476111436,0.033776858571569646
2022-10-03,0.01629326399026665,0.03125980958885899,0.013530092881777422,0.0
2022-10-04,0.08416835582335724,0.030413562545202666,0.026699062274240237,0.07128705803570679
2022-10-05,0.03512015944165814,-0.0020659628040610167,-0.004728127857288822,-0.005545237304496742
2022-10-06,0.013392908460632569,-9.882427115015524e-05,0.005938264879074673,0.038104074227767626
2022-10-07,-0.06079299655215242,-0.027016201138922336,-0.03778047678985352,-0.033124429993902305
2022-10-10,-0.02345215793419464,-0.008309742564348022,-0.011042847009335666,-0.025925900743168362
2022-10-11,-0.009606093108663227,-0.006948733035414767,-0.0024814462434759044,-0.007604645807912647
2022-10-12,0.019398622805543164,0.003910393914216437,0.003731310088747497,0.02107282335932159
2022-10-13,0.0066602943196762965,0.01537508166057644,0.001239185781908958,-0.0028142339024962437
2022-10-14,-0.05576561028756799,-0.025237268380866262,-0.06806927216472503,-0.0696142768721959
2022-10-17,0.060060099621260576,0.03531491487863314,0.05444884940083483,0.032355883085511516
2022-10-18,0.0009443086626765851,0.008002363427313641,0.027707781940327303,0.02252688945905934
2022-10-19,0.024528232627428537,-0.011312945070385605,-0.03063725547486207,-0.031609189364923185
2022-10-20,-0.0064456442943973125,0.00341271898023332,0.01643490732600328,-0.02769532566564059
2022-10-21,-0.28081554621718763,0.011603473034326184,0.03109452751071662,0.03153615686904554
2022-10-24,0.07087631114852622,0.013744613525098037,-0.00241248542598127,0.006903322727233929
2022-10-25,0.155234644610587,0.019118327889156905,0.04715832745599369,0.06072476819222494
2022-10-26,-0.0020833809342630794,-0.09140502923616611,-0.010392627502734397,0.023084026016728654
2022-10-27,-0.0020876309236564916,-0.02854738590521333,0.0035006636772259014,0.0072202097704794355
2022-10-28,0.054393251178351365,0.0441335286382476,0.004651158148692103,0.030465963910092153
2022-10-31,-0.016865087061572304,-0.018485722816822592,0.0173610662696555,0.015652200450067877
2022-11-01,0.034308794936730225,-0.0427468737021639,-0.015927229116078467,0.02054792507255443
2022-11-02,-0.06926829640458265,-0.03868684766629016,-0.04971090988030891,-0.04362419919760152
2022-11-03,-0.0398322972704821,-0.04070371342433843,-0.017031671383796465,0.08157897686804305
2022-11-04,-0.002183352011190909,0.037756166086100995,-0.018564368413834242,-0.004055165534813332
2022-11-07,0.09518597952730512,0.022060606920223824,-0.11475408160289446,-0.02035830663161675
2022-11-08,0.02697297681475841,0.004633278910224137,0.02706553529012723,-0.19035744078835815
2022-11-09,-0.07003884553082507,-0.017772764612463132,-0.031900141172897745,-0.13757702095244062
2022-11-10,0.12238484009047146,0.07581311589301065,0.09455585180638959,0.10357153318366707
2022-11-11,0.07921718711393066,0.026293394338003928,0.10078533957890157,0.12944981121981836
2022-11-14,-0.025043174763702103,-0.007364354600369216,-0.03686081707097466,-0.0869149784339357
2022-11-15,0.043401219909104505,0.028631035579011144,0.029629599977206045,0.06171539466702547
2022-11-16,-0.06027165146360269,0.004164962095562386,-0.033573108854717204,-0.08177339457144128
2022-11-17,-0.013550101415125249,-0.0049570525433748625,-0.054590634137776095,0.016094482523201226
2022-11-18,-0.03663000144099138,-0.009455043208618896,-0.030183729990517105,-0.029567125528007776
2022-11-21,-0.05323197673469904,-0.018782574390393436,-0.027063574137823232,-0.03699665010206599
2022-11-22,-0.005020099452144766,0.015167252030643175,0.004172424580312084,0.027118617036523407
2022-11-23,0.041372336400103515,0.01452853420123823,0.020775637081209553,0.040704057134008265
2022-11-25,-0.013565832731434191,-0.010156362299558186,-0.012211625121878122,-0.00739954487758443
2022-11-28,-0.03339883520583253,-0.014467493697099432,-0.016483565788166232,-0.021299334997540664
2022-11-29,-0.002032566814382797,-0.008953596860963198,-0.01117317394007622,-0.0010880604639921243
2022-11-30,0.04989824236458418,0.06093072747507877,0.05932204531353924,0.044662291261684084
2022-12-01,0.05431614385552108,0.0,0.04800001780192065,0.029197051982906563
2022-12-02,-0.03403862828468207,-0.0054460965638671865,-0.025445328588419525,0.012158043257392004
2022-12-05,-0.03809520176478798,-0.009558023191731713,-0.061357676181995946,-0.03203200221779401
2022-12-06,-0.06732676034580798,-0.025130642678964143,-0.0278164512532163,-0.028955504732374515
2022-12-07,-0.012738841251293542,-0.021035200436355095,0.011444978993241817,-0.013844527123298866
2022-12-08,0.010752626424140876,-0.01295567669297537,0.007072095146209323,0.02807777780295284
2022-12-09,0.005319169442975058,-0.00939053269122292,-0.0014044595794108217,-0.02205882647576085
2022-12-12,0.001058225299859883,0.0051707016119304505,0.025316431077146984,0.02900101954028389
2022-12-13,-0.005285432403090873,0.02486334267084378,0.028806589745659306,-0.024008303138623788
2022-12-14,0.01381510271508346,-0.005855843925490878,-0.020000012715657545,-0.027807509975840916
2022-12-15,-0.08176097862579934,-0.04428320376454542,-0.04625845988602484,-0.046204628079612564
2022-12-16,-0.03310501761140294,-0.0066035354687248304,-0.0156918872928411,-0.006920463562711587
2022-12-19,-0.03305793126541767,-0.020163979173522528,-0.07971017146856652,-0.04761903179568017
2022-12-20,0.002442058460122132,0.006558157533419706,-0.006299206685632552,-0.012195052453833122
2022-12-21,0.05237518918122119,0.006290743520481534,0.030110944365042913,0.008641937225627228
2022-12-22,0.004629625030506013,-0.020317042474561564,-0.02769228128286505,-0.022031860892886668
2022-12-23,-0.01152078087026076,0.016750123138233874,-0.004746868511629088,-0.0050062531913476205
2022-12-27,-0.002330944553285863,-0.020620893303961996,-0.04610492267278066,-0.03144654163496252
2022-12-28,-0.001168250980329244,-0.015676840918681934,0.011666695276896233,0.0
2022-12-29,0.030409382816573904,0.028249231302660105,0.05436571900717646,0.04545459612201341
2022-12-30,0.01589096288085412,-0.0024871134255445293,0.003124996973201677,0.011180142913720159
2023-01-03,-0.011173120662180347,0.010087215556014328,-0.004672929821157856,-0.007371058610079473
2023-01-04,0.050847433883432824,-0.011669724985550967,0.029733968887382112,0.03465343262562359
2023-01-05,-0.017204284315123886,-0.021344204023772795,-0.03951364058652418,-0.029904307448185286
2023-01-06,0.008752726553724832,0.013225121426758912,0.012658215432457043,0.01726268178168011
2023-01-09,-0.0021692469831258165,0.007785523229236313,0.015624984866008385,0.03636365948301368
2023-01-10,0.023913072998898333,0.004544488235184385,0.030769201425405734,0.019883049415386544
2023-01-11,0.025477682502587085,0.03505995289183139,0.04179107728050213,0.0045871514481794495
2023-01-12,-0.002070342070938369,-0.00426141938626301,0.004298024316099047,0.03196343900175114
2023-01-13,0.016597493953715015,0.010863711788267283,-0.007132694593768751,0.030973421919550104
2023-01-17,-0.013265317541914179,-0.009010053097008863,0.015804616797630233,0.02145931003093504
2023-01-18,-0.026887303705325438,-0.0018620795009075541,-0.02404527187642158,-0.02205882647576085
2023-01-19,0.022316688794073336,0.021180785407377112,-0.02463769187598719,-0.02792698358358836
2023-01-20,0.03846152702293715,0.05341203531212546,0.043090633139842405,0.05193373006886581
2023-01-23,0.021021025321151576,0.01805766840152323,0.05128207044053168,0.01995793815622715
2023-01-24,0.005882394190066309,-0.020944030396025104,-0.04878050513982635,0.0
2023-01-25,-0.0575048868836322,-0.025383773239130325,0.028490001397228015,-0.002059779370246928
2023-01-26,0.05377450878869561,0.024154476058561247,0.0027700805412327334,-0.005159880209052559
2023-01-27,0.07065753647476858,0.01897057745987918,0.04281773886973794,0.0778008271046895
2023-01-30,0.016498653317440493,-0.024454123580035403,-0.02384109942098711,-0.023099202777863148
2023-01-31,0.04238054648891354,0.01959966179932482,0.05563098108761566,0.02561578705945644
2023-02-01,-0.10294121893267838,0.01608667920181528,0.05398452289593614,0.035542736885924464
2023-02-02,0.099324951237997,0.07278699374134745,0.09634146100350027,0.033395233698427784
2023-02-03,-0.03508768701010212,-0.027473535368703894,-0.0645161221882784,-0.03590669298716387
2023-02-06,0.09727269952947437,-0.017942404724810568,-0.011890538598069211,-0.013035325198509029
2023-02-07,0.011599034537075337,0.046064183955398574,0.0024066790709353914,-0.004716998956176499
2023-02-08,-0.05323502182633244,-0.07683008567875604,-0.013205241018574565,-0.007582931019879169
2023-02-09,-0.05017308445734492,-0.04387641656608976,-0.032846769950442556,-0.03724931550870236
2023-02-10,-0.030054639113294757,-0.004631102041205426,-0.05534586049555801,-0.009920672839941802
2023-02-13,0.005633842419327628,0.0004229164385778361,0.013315566123152767,-0.006011970811066636
2023-02-14,0.01307192743455654,0.0007398517408501171,0.21156374576446746,0.014112937726413533
2023-02-15,0.037788003041210105,0.023869897277169816,0.09652921517053747,0.0566600070624983
2023-02-16,-0.04706933178261041,-0.014751427333369649,-0.03956475095091516,-0.027281275515609882
2023-02-17,-0.03448274942628449,-0.012145317583376114,-0.05252319535306227,0.0009671401096964516
2023-02-21,-0.053088731205320094,-0.027133020817351916,-0.07934777797507775,-0.04347833298104209
2023-02-22,0.009174229873997408,-0.0015251634408289805,-0.0129870846379736,0.00505052451126109
2023-02-23,0.02020209804504458,-0.008292512252186413,-0.02272722346723366,0.014070386533313384
2023-02-24,-0.02871286642573645,-0.01936402898401912,-0.009791912234882627,-0.04955401312573415
2023-02-27,0.007135544529054627,0.00830256197449697,-0.007416615387517145,0.013555798996086166
2023-02-28,0.02732788471274561,0.0021141464881895278,-0.02366121876731353,0.036008170594669986
2023-03-01,-0.0009851503037757725,0.0033310970914197657,-0.01913266485306364,-0.0337636705950094
2023-03-02,-0.003944769279950466,0.018149658470241192,0.03641088828189121,-0.011305206767971088
2023-03-03,0.05445536794925476,0.017934740533202653,0.04516940313567397,0.029106001694605865
2023-03-06,0.09483570563932275,0.015803516145066476,-0.006002423912702559,-0.018181753377500387
2023-03-07,0.005145833653678489,-0.013350066501029323,0.0,-0.03086421630588765
2023-03-08,-0.05716724070210277,0.004155015133194384,-0.018115896541997523,0.024416087088485083
2023-03-09,-0.035294148107776424,-0.020477383793941484,-0.05412054748177786,-0.021761662844392515
2023-03-10,-0.030018733527646724,-0.018305964976806144,-0.04421328349258602,-0.04555078078552255
2023-03-13,-0.010638356743547184,0.005296302911264483,0.07074829764266632,-0.002219806576647998
2023-03-14,0.013685273664455044,0.03139053155492677,0.002541293674376277,0.013348152237400601
2023-03-15,-0.0028929347446732256,0.022773317917145208,0.0012674561534928852,0.009879270689316044
2023-03-16,0.07253384805920815,0.043803939074749554,0.010126572498773356,0.011956588329576245
2023-03-17,-0.035166847426214454,0.012958549518914397,-0.012531316340044119,-0.012889455835098595
2023-03-20,-0.0037383142585097895,-0.00393629035845644,0.0253806860863639,-0.04243736751423999
2023-03-21,0.06754223990008779,0.036554101322610055,0.04579206547682424,0.061363630698732186
2023-03-22,-0.028998235534927086,-0.014773055627285592,-0.028402340418400063,-0.043897199219906646
2023-03-23,0.03076924404697956,0.0215728362214207,0.014616307551950536,-0.040313616802779784
2023-03-24,0.0149253793827675,-0.0015150428234903535,-0.01560625637834101,0.012835544255386244
2023-03-27,0.015570877592358423,-0.028262590296205148,-0.019512176967531936,-0.008064590557306128
2023-03-28,-0.05792158132526937,-0.013956624087283709,-0.004975119657066318,0.006968690128827948
2023-03-29,-0.025316516819373858,0.0035633270177752863,0.027500033378601074,0.04959634387449596
2023-03-30,0.01205938011698704,-0.004931505397548053,-0.008515893701283028,0.0395604001743024
2023-03-31,0.027497726391446653,0.028149521883536366,0.036809841076896,0.02642706120421634
2023-04-03,0.0026761581506782317,0.006073453695492725,-0.008283987740149601,0.005149350209931125
2023-04-04,-0.021352293238907083,0.0034495519936268426,-0.003579920353401156,0.0
2023-04-05,-0.05545451424338599,-0.0023872708595230607,-0.044311418621889254,-0.001024613590913992
2023-04-06,0.016361893231620295,0.03780990430122855,0.013784477851063404,0.026666690141726734
2023-04-10,-0.01893946543486147,-0.018262284275329055,0.03708284117138083,-0.0029970715244288515
2023-04-11,0.019305093587580258,-0.010240599798112648,0.02622160957711772,-0.002003958417504448
2023-04-12,0.005681767382406999,-0.006739488923122039,-0.03252029548619617,0.005020099452144766
2023-04-13,0.011299424374030087,0.026662861364357804,0.03001200507679891,0.005993952504543154
2023-04-14,-0.004655511340821761,0.01340404407507001,0.026806584843336312,-0.00695131052091269
2023-04-17,0.017773670862090363,-0.026637152313786272,-0.0011350997055084022,-0.011999988555908225
2023-04-18,0.014705868173635617,-0.013871981073805384,-0.007954618975149041,-0.004048579088026694
2023-04-19,-0.005434820636233795,-0.0030620548090991573,-0.027491384158387255,-0.002032566814382797
2023-04-20,-0.0765026624711943,0.010654593494054287,-0.04004713330435239,-0.009164985273403481
2023-04-21,-0.012820523672518735,0.001139718644397325,0.0036810660183710375,-0.009249661166262357
2023-04-24,0.020979024310215255,0.005312607830546323,-0.009779941408490589,-0.024896339859439842
2023-04-25,-0.0058708823922705156,-0.020005727572656395,-0.04444451770337343,-0.03297866792795168
2023-04-26,-0.027559029249642264,-0.0013481215539885572,0.0,-0.029703020157464288
2023-04-27,0.06275302412728423,0.0374120495501995,0.010335969368078679,0.0
2023-04-28,-0.17047618684314547,-0.002323660936258465,-0.00895142840470109,0.003401438512873556
2023-05-01,0.0022961543055985967,-0.0013042894111019443,0.003870994813980566,-0.0033899079494192907
2023-05-02,-0.048109867656652705,-0.017537290350960633,-0.02442160052655573,-0.040816289017391094
2023-05-03,-0.028880952186949527,0.0008546002005800357,-0.0039525967332320056,-0.009456255714577644
2023-05-04,-0.019826499809501463,-0.006830526987425922,-0.023809501283202916,0.011933105779209363
2023-05-05,0.040455082300527634,0.008405789302633027,0.0040650044046055545,0.043632176793233945
2023-05-08,0.02308633592049847,0.02083915706679118,0.04453440357644611,0.006779600379228201
2023-05-09,-0.017814681374242358,-0.0038971138026882013,0.23385019032826349,0.02244666809093454
2023-05-10,0.05199508194679625,0.04098737829148491,0.04083763160830123,-0.0043907753414358375
2023-05-11,0.005747148486326958,0.04313208251608147,-0.006036163830508867,0.06394707201997263
2023-05-12,-0.02285712105887272,0.008063813111108376,-0.038461549599123734,-0.09430050605024842
2023-05-15,0.017543814641410194,-0.00850987453078611,0.0021053113435443027,-0.010297500565766726
2023-05-16,-0.010344845351840659,0.02574880803290669,-0.00525212062296565,-0.034681994253257575
2023-05-17,0.08826948422610426,0.011128679348765047,0.08236533378851885,0.013173610976277006
2023-05-18,0.034151515339652994,0.01646822996110031,0.14536583132860148,0.018912511429155288
2023-05-19,0.0030960462275191336,-0.0005699968931982546,-0.0025553435737702968,-0.017401348088364244
2023-05-22,0.004115222299809096,0.018654317734987824,0.011101632281590446,0.034238483200751624
2023-05-23,0.004098356651125901,-0.01991212090709782,0.06756758280615438,-0.0091324111433575
2023-05-24,0.0,-0.013544362417935663,-0.03243677135681522,-0.009216580748084957
2023-05-25,-0.0020408629973885928,0.021340030585064174,0.049877402549765026,0.0
2023-05-26,0.05112474577216575,0.009151379973153073,0.06308406980658243,0.02558131437162725
2023-05-30,-0.005836524075963356,-0.007543709426138245,0.07765571056703302,0.01133791212355817
2023-05-31,-0.0019569919022601745,-0.006468674622377213,0.0,0.0
2023-06-01,0.012745109497240614,0.00691781674188352,-0.011556769262616506,0.011210805001615531
2023-06-02,0.007744426359816758,0.0076786243589617165,-0.0013754817153938115,0.03547668276987603
2023-06-05,0.009606184720030164,0.01074835024591625,0.049586728006576486,-0.033190622543063375
2023-06-06,0.0,0.010316654625960764,0.014435713276435669,0.009966794601252715
2023-06-07,-0.030447254189316042,-0.03778186403728101,-0.049805980327537136,0.0307017254917461
2023-06-08,-0.014720277203841725,-0.0029387370072223584,0.034036760672729205,0.010638338885950116
2023-06-09,0.004980098697693114,0.0007369753370902732,-0.011191515952322262,-0.009473700272409569
2023-06-12,0.013875063184466851,0.011535518493638763,0.04194401741452425,-0.005313516636093696
2023-06-13,0.008797669268342467,0.001536768279851275,0.022364242172588256,0.02564110401662978
2023-06-14,-0.006782916365717151,-0.0012921871395397133,-0.005625009536743164,0.0364582722799669
2023-06-15,0.039999985113376546,0.01148225430859151,0.043368984329050786,0.003015048597614811
2023-06-16,0.0018762155769191935,-0.012471060958696212,-0.018072357681633844,0.005010039381590836
2023-06-20,-0.009363331330736413,-0.003481000507120413,-0.031288300556969184,-0.0029910003758598647
2023-06-21,-0.03308132173852851,-0.02071474050507105,-0.0728308816534865,-0.02399997711181645
2023-06-22,0.04007828146948267,0.02156777692441736,-0.040300555925668946,-0.031762337330622614
2023-06-23,0.016917231738101002,-0.006577445041809127,-0.0014235201062033909,0.004232800281520621
2023-06-26,0.036044395039060095,-0.0326957428632354,-0.006414836372119481,0.014752407449874827
2023-06-27,0.02408559350317252,-8.43786678534908e-05,0.0480631346099023,0.03219101373399935
2023-06-28,0.01480836960563403,0.015634137469573206,0.04585900698414691,0.0241449431513181
2023-06-29,0.002575166319987554,-0.008986466239937263,-0.005235597192677299,-0.0206286868223573
2023-06-30,0.013698616715036138,0.005037695557647437,0.008552639215276603,0.001002936302879398
2023-07-03,0.015202728281759281,0.0016709002894628178,0.012394033594468779,0.06813630624910894
2023-07-05,0.008319419632868641,0.015429549509619278,0.01159789601754957,0.005628557267875145
2023-07-06,-0.017326735984311892,-0.013470251715309467,-0.03630571348719647,-0.02891794887078114
2023-07-07,-0.019311464750883633,-0.0052451230107295466,0.013879711603342004,0.036503373680200735
2023-07-10,0.008561594621799617,-0.025359922020268155,0.06258142600544248,0.03892493769961214
2023-07-11,0.08149406281054627,0.005925387519302383,0.011656475027656654,0.05530775053071002
2023-07-12,0.049450559321762455,0.015280781468359539,0.0060643046002264445,0.0092983649523799
2023-07-13,0.010471229956700912,0.0471705845233914,0.009041568242955877,0.042713588509645906
2023-07-14,-0.02664697292765017,0.007065957731084094,-0.020310642606728102,-0.005622465533865029
2023-07-17,0.0243346507818607,-0.006139263903959136,0.060975611174411526,0.008885271054960286
2023-07-18,-0.00742393314679457,-0.007140013761700925,0.03908047816573568,0.00800643581283067
2023-07-19,-0.019446539349836645,-0.013978745490012101,-0.0016593300205810513,0.04209688058361527
2023-07-20,-0.013729928010317471,-0.023191056345531313,-0.05096953546707006,-0.02362800828097511
2023-07-21,-0.014694549850981953,0.006879176059658487,-0.040863916514021215,-0.003903215386183323
2023-07-24,-0.004709534303007024,0.012581377417853368,-0.006695107018160562,-0.0015674339659024206
2023-07-25,-0.013406945757292621,0.00559528737068038,0.0140931094691914,-0.015698572437853553
2023-07-26,-0.14228622334762397,0.05776937055413889,-0.0072506910825742565,0.015948948155784848
2023-07-27,-0.03727862400699655,0.0010056602677983584,-0.01704203782377911,-0.040031415859050234
2023-07-28,0.033881934564831795,0.02457483580278641,0.1027863706886687,0.04088307593743146
2023-07-31,0.06367034944483296,0.0010561582815626913,0.1139809515731558,0.010212106764780016
2023-08-01,-0.007042247017941761,-0.008815550622044532,0.007560464585516069,0.0007776227953975035
2023-08-02,-0.027482222808592915,-0.024097462445441087,-0.05102553624024464,-0.0334110574203087
2023-08-03,-0.01640841392837389,0.0005452956487668192,-0.013705863905793647,-0.0723472386566224
2023-08-04,-0.003707132714962258,-0.002646896385819497,-0.027258062345735135,-0.022530349197686372
2023-08-07,-0.01674421443495644,0.026695756871644383,-0.01153851555044505,0.005319186262151998
2023-08-08,-0.002838196200316001,-0.000988380662750754,-0.052807052122145426,-0.021164000695660823
2023-08-09,-0.009487702261067765,-0.013241913755132506,-0.10504699644095927,-0.02702704328151928
2023-08-10,-0.0210727320112033,0.0002314502399742846,0.010491793272925154,-0.00648154141317403
2023-08-11,-0.018591049813431626,-0.0010025216912197266,0.0,-0.0009318989407370859
2023-08-14,-0.008973096209767273,0.013661602623152858,0.02011683469735792,-0.006529911077878814
2023-08-15,-0.038229293441473966,-0.011802305221931264,-0.02226465493157903,-0.022535190583535925
2023-08-16,-0.04184106220160899,-0.008321843474471846,0.005204939772395001,-0.021133551417246155
2023-08-17,-0.013100424405900424,0.00947931880676256,-0.08414240820606822,-0.011776240480921407
2023-08-18,0.015486763707248663,-0.018934621315844335,0.01766784499927554,0.01787490671606462
2023-08-21,0.019607771842881094,0.007139468263647197,0.00694447111936336,0.013658570080268717
2023-08-22,-0.011752100503419793,0.005531047592694849,0.011724143192685776,-0.0009624859048501522
2023-08-23,-0.0010811058250633776,0.025487944044421118,0.042944792853748526,0.011560682489023755
2023-08-24,0.014069276803151398,-0.01956632990010876,-0.07581698254582792,-0.01238096328008742
2023-08-25,-0.012806818252369956,0.000770590345537947,0.02758128572695573,0.0163934501610441
2023-08-28,0.021621601001636348,0.00870019779999498,0.007570585848116096,0.0009487883223937565
2023-08-29,0.046560904014645965,0.027173703540318117,0.051912517580926965,0.04454978753854122
2023-08-30,0.023255766860676763,0.009734670346692953,0.06038963170211664,0.0036297604529451633
2023-08-31,0.02272732198731031,0.002134107490964654,-0.08266995638560581,-0.01537071155914449
2023-09-01,0.008695574453765786,-0.003745306952502192,0.013351186184989317,0.020201956512277297
2023-09-05,0.0019157527363558025,0.0008109657689165939,0.0019762669544192146,-0.026102607634081565
2023-09-06,-0.07934989681444515,-0.009648631090571236,0.0059171697805502355,-0.0027726186522484264
2023-09-07,0.009345810126515808,0.005949468447633333,-0.005882362840909705,-0.004633937989956816
2023-09-08,-0.033950608502084756,0.008280493606574568,-0.0052596925381599435,0.0
2023-09-11,0.005324732186628767,0.00395947286267484,0.04362193274421511,0.009311022681643522
2023-09-12,0.014830545502743542,-0.011539633534513594,-0.01266623240964626,-0.0036900333293332643
2023-09-13,-0.030271395006529422,0.01012298843430548,0.0006414514935189075,-0.016666694629339007
2023-09-14,-0.01399355381859313,0.010167284675886457,0.014743560039237602,-0.004708115939139779
2023-09-15,0.0,-0.0050688229264366225,-0.031585597120011966,0.009460774300560582
2023-09-18,-0.029475928885046465,0.005895230949426233,0.008480111877879892,-0.006560421211218248
2023-09-19,0.012373414221504175,-0.0012300454966895913,-0.02005177353504428,-0.012264161298350174
2023-09-20,0.0033333036634657365,-0.03115030407586994,-0.027062696880244763,-0.02387774533180076
2023-09-21,-0.04429674754803781,-0.024674913713382818,-0.05020351306708526,-0.03816050226348344
2023-09-22,0.006952429333341836,-0.0014564194488012605,0.009285722460065537,-0.013224833718198603
2023-09-25,-0.010356640190954391,0.006602573712083393,0.006369437498865205,-0.002061804585836491
2023-09-26,-0.03023258341267676,-0.019373038917248175,-0.01828412264412438,-0.015495926392108283
2023-09-27,0.01798556544195362,0.015322364101712393,0.06375360608099911,0.00419726788812369
2023-09-28,0.008245070716805802,0.013559159399849419,0.061952865499043996,0.011494317017695987
2023-09-29,0.04088778161661377,-0.010959147269958613,0.014584624956247128,0.013429763465132138
2023-10-02,-0.019079694635833366,0.025294096808483824,-0.007499992847442627,-0.008155033023280689
2023-10-03,-0.02288327397056089,-0.012968529189945177,-0.061712877131496646,-0.020554965948042514
2023-10-04,0.017564358220175658,0.021218955136271367,0.05570469429232938,0.01573982963353382
2023-10-05,0.005753762157564735,-0.0012570582544063624,0.005085879193166054,0.005165210277298549
2023-10-06,-0.012585773404794165,0.018582874284720052,0.05060089623667818,0.020555063961851472
2023-10-09,-0.0023175501156951217,0.006105420793821814,0.06020469375400195,-0.006042338144282344
2023-10-10,0.024390249305540124,-0.002600746200794646,0.01078924589004826,0.017223918770523428
2023-10-11,0.03287981540670648,0.01803565948703345,0.006741620470609444,-0.03187247968526463
2023-10-12,0.0,-0.01124148825513549,0.001116096968667435,-0.044238713308927036
2023-10-13,-0.04720080874934973,-0.011585351238224795,-0.03232998363656525,-0.016146352975910383
2023-10-16,0.11981565959541363,0.012667575436744904,0.0,0.019693582575515345
2023-10-17,-0.0030864903108359654,0.004457215148748972,0.027649742244254982,0.030042993113079675
2023-10-18,-0.00928784342733835,-0.012596650751661498,-0.03587440494251337,-0.040625034148493055
2023-10-19,0.005208253653516293,-0.0015221231927290413,-0.008139609929479152,-0.026058606962443776
2023-10-20,-0.021761662844392515,-0.015607939854905939,-0.055685749433189824,0.017837217686628604
2023-10-23,0.005296630609896047,0.006636966780865672,0.005586601438739791,0.004381156774550199
2023-10-24,0.023182325851930585,0.01692323038284771,0.027160407776990025,0.016357646377566315
2023-10-25,-0.05355308503818579,-0.09509411886999852,-0.06310091800326267,-0.03111587675416727
2023-10-26,0.011969599061393499,-0.026510585915679563,-0.019243116600294874,0.0077520100297392425
2023-10-27,0.0,-0.0008996396231845116,-0.014388506708808757,-0.021978104896205664
2023-10-30,0.043010710787809936,0.0187444063496498,-0.025215668356743826,0.020224754257405886
2023-10-31,0.03195880677446983,-0.0030532250680317397,0.0074881288967805215,0.006607975784234332
2023-11-01,-0.0019980476829525307,0.019100660088973154,0.008108100271120522,-0.006564597085659041
2023-11-02,0.04404409851236357,0.008224580790807012,0.20442354031261845,0.04405282179418912
2023-11-03,0.027804405883777195,0.012628389002807827,0.051196444710503775,0.02215190382777532
2023-11-06,0.0009327681864219617,0.008907931243012923,-0.018528241685009772,-0.01031985883651143
2023-11-07,0.0214352754634608,0.005527640204516571,0.014023641245640484,0.0177268064222158
2023-11-08,0.024634991163285047,0.006642929583750901,-0.016489333963975894,-0.14293037141900677
2023-11-09,0.0008904923677177656,-0.012135981958739772,-0.011898286429302019,-0.05200238549694469
2023-11-10,0.007117431079635805,0.01804355789434986,0.0766283296908925,0.03783098617803593
2023-11-13,-0.0017667406915655715,-0.0037710641189726557,0.0020335032040450507,0.009720641777658301
2023-11-14,0.07522118703080594,0.011583092796060734,0.011669277537722067,0.022863967603995006
2023-11-15,0.004115242164996147,0.007483875118254879,0.0005015159786356804,-0.020000008975758266
2023-11-16,-0.010655747251913206,0.017159452944516707,-0.009022571342962693,-0.04681871189166631
2023-11-17,-0.01491295410542981,-0.011830819118451186,0.036418780813520346,0.020151174193477006
2023-11-20,0.02186705363331054,0.0069469441829213,0.04148366964200023,0.0037036705627595534
2023-11-21,-0.007407341706934245,0.005284447006645987,-0.07216499083954264,-0.018450195972444572
2023-11-22,0.02072968418751886,0.011097448467726867,-0.005555490264718799,0.030075218970135653
2023-11-24,0.017059303898343092,-0.012997488132863166,-0.024885716497092814,0.008515777682513548
2023-11-27,0.012779540060870564,-0.0020483539555635755,-0.006250043461718424,0.012062772247271925
2023-11-28,0.012618284192532636,0.005791275299272369,0.03301882407157963,0.029797376611428117
2023-11-29,0.010903379126535384,-0.016107747483059542,0.006595691230531164,0.03240737521354187
2023-11-30,0.06548539379403406,-0.01822374776338087,0.010584631192417815,-0.0134529018534425
2023-12-01,0.022415070233321233,-0.0050555346684262314,0.01097262987903136,0.05909085145666704
2023-12-04,0.011315406190047561,-0.019641892988382592,-0.09225460271349739,0.02467816560534586
2023-12-05,0.020979034037302835,0.01330561325623858,-0.005434803453420622,0.10261775106424564
2023-12-06,0.011643840537820083,-0.007405151344413885,-0.06393443306404623,0.07027547422203773
2023-12-07,-0.000677063545829415,0.05314554225623902,0.0052539496203840574,0.018633458380029833
2023-12-08,0.022357718061570386,-0.01416772398738797,0.031939672842068,0.021777004352676155
2023-12-11,0.0437375639985611,-0.012593636658776775,0.0,-0.0017049876274370934
2023-12-12,0.0063492305695065365,-0.005776776049706056,-0.015194172808572382,-0.006831761182360729
2023-12-13,0.037854912746323244,0.0003772708065370445,0.021142905099051257,0.030954398377884385
2023-12-14,0.02978721874725343,-0.0047523752323473945,0.01902620197380145,0.008340315544509869
2023-12-15,-0.0011806645297006702,0.005002518827215363,-0.000549056674128523,-0.03308524128669832
2023-12-18,0.00591018800347598,0.024132731237326732,-0.01978025248683668,0.020530430573771685
2023-12-19,0.009400695834830275,0.006259033702045613,0.006165953442304417,0.10393962610212126
2023-12-20,-0.03376018122254165,0.012367411977279641,-0.03899725533074694,-0.04176159358760112
2023-12-21,0.037951755800551545,0.01503539479423499,0.019710153773210948,0.021394648194302368
2023-12-22,-0.010446912940104358,0.007620055001785753,-0.010233104241860858,0.004654729584508077
2023-12-26,-0.01583569281505648,0.00021199015905670748,0.015508354975879435,-0.0007722184578474733
2023-12-27,0.010131112594604419,-0.008126049489536324,-0.01187788394776279,0.02472957178326718
2023-12-28,0.005899614726846414,-0.0009975453953142699,0.005151697545808798,-0.006033176645940386
2023-12-29,-0.007038060836033977,-0.0038505476105719083,-0.02220953311558127,-0.03338395477007916
2024-01-02,-0.04666278211972785,-0.01088147137826767,-0.0343622684895899,-0.029042377724203705
2024-01-03,-0.022304812285689146,0.005428210362593555,-0.029553665462782264,-0.04688762563232962
2024-01-04,0.02661603530263057,-0.018211853389812238,0.00994405505871776,0.016115316454457185
2024-01-05,0.02160484306406829,-0.004839188184173948,-0.01661541278545675,-0.0075124542865194766
2024-01-08,0.04592146609771208,0.022913151080204086,0.04317900837443056,0.044575249593565625
2024-01-09,-0.015020233212218681,0.015197396330455248,-0.016796681785484213,-0.01771338693054625
2024-01-10,0.0187684232546641,0.00943605202657749,0.02440521908326243,-0.004917989088558561
2024-01-11,-0.016119785441407353,-0.0014056723610657018,-0.006551554756011657,-0.03542012298313402
2024-01-12,-0.03861906620943867,0.004011843327108355,0.004796158407816664,-0.05892396055811533
2024-01-16,-0.054169222567962194,-0.0011217071642696252,-0.01372312285771804,-0.008166982654205346
2024-01-17,-0.0025740001255609712,-0.007158374731781825,-0.008469527597187332,-0.025617628438026396
2024-01-18,0.045806392546623,0.014207844397623015,0.0006101421143525076,0.0018779773220716223
2024-01-19,0.012955027987783474,0.020212051998882652,0.023170797375255514,0.0037488248891297538
2024-01-22,0.01157128703865995,-0.0026644379124515227,0.0488676794558669,0.02614376582389233
2024-01-23,-0.016857355590403023,0.007192319444423889,-0.015340934767702818,-0.0036396690342203053
2024-01-24,-0.0006123838902973855,0.011289424274960824,-0.033467970355421706,-0.012785332610689149
2024-01-25,-0.0018381605305046733,0.021318131545169372,-0.01731348749416972,-0.010175819248993467
2024-01-26,-0.002455550231996284,0.0021070150582946923,-0.006682789132515521,0.008411229363757489
2024-01-29,0.03938457782451921,0.008673389572385393,0.04525992378305044,0.04819281367952555
2024-01-30,-0.02486679049564411,-0.013354092388796257,-0.02047983489436811,-0.026525214819137055
2024-01-31,-0.035215482344401416,-0.07500333437790241,-0.03882912947536177,-0.024523201830223162
2024-02-01,-0.0012586820221232031,0.007566021906555642,0.014916082588076529,0.01582868528089798
2024-02-02,0.07435408695719059,0.008642645628040624,0.04225355402824915,0.0009166112760494727
2024-02-05,-0.017595263958045004,0.009130507532407295,-0.01762638873915745,-0.03296700129689223
2024-02-06,0.041791090324743374,0.0029231597133227982,0.30801445797701255,0.0208332674822449
2024-02-07,-0.34613184248995443,0.00999292884810532,0.07910377118654788,0.020408188541593875
2024-02-08,-0.027169103425772057,0.00254228188995409,0.03855931494503806,0.020000024275346195
2024-02-09,0.0009008355733224338,0.021177652585123052,-0.005304001097562017,0.029411757206084577
2024-02-12,0.04770483375550527,-0.009865915648970991,0.027481546323108175,0.039826842471913926
2024-02-13,-0.04295532519351031,-0.016200171347365844,-0.04151692773866722,-0.014154877023659584
2024-02-14,0.023339251992336107,0.005512106158016117,0.04914620132974212,0.1300675626694503
2024-02-15,0.017543927160695638,-0.02172118999851269,0.008733597010331495,0.002989533745209494
2024-02-16,-0.03706899060647273,-0.015759726371807337,-0.03817392047144319,0.04321907007516401
2024-02-20,-0.01969563702114152,0.004269834954771623,-0.04255322801969996,0.006428582327706378
2024-02-21,-0.019178086009580153,0.010133134928080878,-0.028205122144081662,-0.03548616001314708
2024-02-22,-0.0009311200274629838,0.010803253165737381,0.037379084873575996,0.02796174467802026
2024-02-23,0.006523825860662136,-0.0009021192131151157,-0.02628235842403681,0.036506747706454235
2024-02-26,-0.00740740021233377,-0.04438738375047635,0.025685684380707396,0.07665750313829989
2024-02-27,0.016790983863599562,0.009522498172569893,0.04117152982559813,0.042334819817339886
2024-02-28,0.009174347244904846,-0.018001233506274694,-0.004484329689050881,-0.007384667029747605
2024-02-29,0.0018182234330610392,0.015251477964584703,0.027027020694107673,0.011159349940550456
2024-03-01,0.020871100969355405,-0.009533462128346049,-0.005980846052096367,0.016554289797953148
2024-03-04,-0.019555579291449687,-0.02763591688674294,-0.03569993496805779,0.0030156355422570336
2024-03-05,0.03626478530265942,-0.005099384997984346,-0.009567447621701364,-0.04209253703645721
2024-03-06,-0.023622086662710706,-0.009572678013802682,0.09869804427468165,0.02950403668239643
2024-03-07,0.0618280056892313,0.02267896186162477,0.011467860810795205,-0.002438963970067154
2024-03-08,0.04556961556705463,0.007664755285047509,-0.015872947221369227,0.03911976563396258
2024-03-11,-0.04196936588818678,0.016690236444071527,-0.02649771543003976,-0.008235258214614016
2024-03-12,-0.0084245517067838,0.006028730380758018,-0.025641010207061332,-0.027876702472629633
2024-03-13,0.011044958004300831,0.009313920207691284,0.012145717724457494,0.04697989545075809
2024-03-14,-0.04285708332405036,0.023678604449929974,-0.022799987792968768,0.05186476675771412
2024-03-15,-0.017559328964963594,-0.013417299799523552,-0.03847730341036737,0.005540187573216393
2024-03-18,-0.011617441076092416,0.04604046899859782,0.02171137649430288,0.003305755768783891
2024-03-19,-0.0009041797922628714,-0.004401362609642967,-0.008333365122477177,-0.05326740044603262
2024-03-20,0.013574625877024404,0.011630336156273069,0.03235296144735389,0.07656610860491941
2024-03-21,-0.003571425226269853,-0.00766431448117344,-0.003256000191278252,0.02855607230043611
2024-03-22,0.0215053561289984,0.02147690065786856,-0.012658206159232965,-0.04138297062403373
2024-03-25,-0.01228064862571343,-0.004642862924364222,0.013647639352403873,0.04262299011826598
2024-03-26,0.004440514184592459,0.003998115862200224,0.015503841583763833,0.01048222032176005
2024-03-27,0.012378371746619488,0.0013273981956187786,-0.015267142229205555,0.03786304544802066
2024-03-28,0.002620064058596494,0.00039762034196377805,-0.061199509832417176,0.0059969480515829066
2024-04-01,-0.020034804129576145,0.030212932190673225,-0.006518888180713556,-0.03576747855796103
2024-04-02,-0.015111117892795178,-0.005981275971316924,-0.0061242910437051545,-0.010819118295905317
2024-04-03,0.006317662031247062,0.0023292614047454308,-0.0008802179145879219,0.000520745892495178
2024-04-04,-0.011659117956430709,-0.028337219130209035,-0.00969168340568094,-0.039562642256839364
2024-04-05,-0.0018149234966302608,0.013087067709993683,0.021352293238907194,-0.002710089015801942
2024-04-08,0.009999968788840574,0.015409891311809698,0.00174220022310001,0.008695644061371466
2024-04-09,0.010801070141074343,0.011301231691903446,-0.008260892785113771,-0.014008633424744232
2024-04-10,-0.031166468571886652,-0.0029373380303033825,-0.017097737780781053,0.002185842469672572
2024-04-11,0.04411760452090707,0.020942729046260045,0.018733277201815834,0.03598690523014958
2024-04-12,-0.044894303751827125,-0.0105389475958787,-0.0074430856023739445,-0.054210562455026756
2024-04-15,-0.04700462773741876,-0.018195552704292406,-0.033965613373281967,-0.043405609855378
2024-04-16,0.006769796304761044,-0.0029705398337616096,-0.0009132629274910542,0.006980740439595623
2024-04-17,0.047070103583140455,0.006930005207570034,-0.026051175351336164,-0.013287091238151416
2024-04-18,0.06697252490446193,0.00347349103324901,-0.008446753152831277,0.0
2024-04-19,-0.04041274827204955,-0.012307003253563153,-0.031235204620243096,-0.02634664900172967
2024-04-22,-0.0017920702834053337,0.014212353381902965,0.02442599007190993,0.033674167261064536
2024-04-23,0.022441651013938024,0.01266969756915537,0.03195041002539578,0.025014560315099743
2024-04-24,-0.027216892912425017,0.005497340176597421,-0.002310500853547337,-0.017593720688182657
2024-04-25,0.028880839081917964,-0.019669472222833106,0.005558079251350989,-0.010976235272728285
2024-04-26,0.27631584891322114,0.1022436334871546,0.03731006022337158,0.04439242314705605
2024-04-29,-0.004123740125784092,-0.033730756887214386,0.013765517746049172,-0.030201288228447476
2024-04-30,0.03864737256469164,-0.020282907479121204,-0.03766975966822328,-0.04901962941118365
2024-05-01,0.053820561838998415,0.006634823136765,0.006827561700820217,0.009702841093566672
2024-05-02,0.02774272319722626,0.016843548911398942,0.019439348169665305,0.05765771854750534
2024-05-03,-0.003067438000050049,0.003721033929675377,0.03458983206365662,0.01930721980713801
2024-05-06,0.036307701697716244,0.005142406079909012,0.08058290471129825,-0.009470755936954456
2024-05-07,0.017814681374242358,0.018738689312666423,-0.15113048807245055,0.01181097167394296
2024-05-08,-0.023337201445400857,-0.010919555272382975,0.007476628517019579,-0.0077820673390556205
2024-05-09,-0.011350091795426898,0.0034242279899281414,-0.019480523501747116,-0.030812388384044098
2024-05-10,-0.03262834036689788,-0.007707845018684822,-0.025543946252104988,-0.06184969607004576
2024-05-13,-0.01561524025146499,0.002905589767459915,0.01650486147047503,0.04066542612614077
2024-05-14,-0.008883270386391806,0.007094681149107052,0.02387774533180087,0.06690355884842658
2024-05-15,0.0377720360586582,0.012739109500524037,0.010727590322163083,0.027746947130879995
2024-05-16,-0.01172107572115666,0.009680540904405177,-0.0009229560541419435,-0.033477366301764344
2024-05-17,0.0018725829238248615,0.010793595174480863,0.005080859690058004,0.1223464011580484
2024-05-20,0.023676080135741406,0.004884701854887652,-0.006433795412493448,0.037332005689576286
2024-05-21,-0.04869142884208266,0.005256601726934873,-0.017576366945631805,0.005758106094345017
2024-05-22,0.01791425021887827,-0.008265427203581699,-0.003295654217445154,-0.062022867072718424
2024-05-23,-0.04588306406269815,-0.016044885750868043,-0.021256531002253554,-0.021363178003749095
2024-05-24,0.0026350435473567746,0.008297388449833631,0.01399618364564481,0.06600834058585137
2024-05-28,0.006570264523059199,0.008057526037570817,0.001903808079151137,-0.0019503127782034557
2024-05-29,-0.010443854477762415,-0.002834497557396287,-0.00522559178098525,0.030043956607118227
2024-05-30,0.000659645711245993,-0.02154627369893758,0.03772679025933301,0.035807498264073034
2024-05-31,-0.009887911521152648,0.0022659331058303422,-0.0023009313444007917,-0.043040317192774125
2024-06-03,0.019973317437915306,0.0038841158101523554,-0.016605193970666954,0.01818186961966828
2024-06-04,-0.028067843346415877,0.0035802890682312682,0.036585398583981465,-0.023496239843346478
2024-06-05,0.020819305493259943,0.009321560676660345,0.038913967789974135,0.0380172753645005
2024-06-06,0.0,0.007525157001268212,0.03614990697521403,0.06490494382650391
2024-06-07,0.02565791764582981,-0.012844380779923559,-0.02017660492277118,-0.034392643961439484
2024-06-10,-0.025657509191120198,0.004303909223634328,-0.007722020990981737,0.0559062107329551
2024-06-11,0.026991495221363238,0.009199447283217532,0.03112845857445601,-0.008539742198459543
2024-06-12,0.01730766009532103,0.0066244367648775615,-0.003354294441362371,0.020671897664910732
2024-06-13,-0.01638312733186742,-0.014792665691343743,-0.02103491755872855,-0.016455750398410518
2024-06-14,-0.001281198240180692,0.009305714626852257,0.012892102757155577,-0.03818101287169873
2024-06-17,0.0160359203048821,0.00254539014571753,0.06151891309773161,-0.00758251898820006
2024-06-18,-0.002525250092658138,-0.012130518300582094,0.031974389385444946,-0.017528062456109605
2024-06-20,-0.025949357117890037,0.006910794902105444,-0.010069722383999613,-0.00594698373675584
2024-06-21,0.00779726334516595,0.018888273725380822,-0.06729261929939856,0.025770887486792127
2024-06-24,0.010315915219276883,-0.0022824500334215347,0.013422805905036084,-0.04127411567996253
2024-06-25,0.06636879407244245,0.026838476444982495,0.016556275705983392,0.036031751061113226
2024-06-26,0.0035907466534077503,-0.0008150836550107066,-0.018729604823914725,0.007678413775089377
2024-06-27,-0.01192610360644697,0.00832066864865566,0.04647298398990585,0.01255045689592893
2024-06-28,0.002414056503563966,-0.01758278489897791,0.00436164208352352,0.005312037674821246
2024-07-01,-0.035520778501368366,0.004611680600924206,0.021713353285319537,0.003522758004397497
2024-07-02,0.0149812586929019,0.012295908876864159,-0.0019319644003831238,-0.014480114866070481
2024-07-03,-0.03136532728800012,0.0031309370868379816,0.0007743111816782555,0.01914516129580135
2024-07-05,0.039999946715339796,0.025723907524205503,0.0533848797060692,-0.009174272174407472
2024-07-08,0.00732605893660998,-0.0082372652893834,0.01726041970636505,-0.02601411572526513
2024-07-09,0.015151515151515138,-0.00026450801306787675,-0.011191385009121535,0.023087380052466244
2024-07-10,0.005373143438083039,0.011641431826988624,0.03760499122299277,-0.01238941070439481
2024-07-11,-0.027909697689774915,-0.029343948225214134,-0.027445485029964245,-0.012544748347904533
2024-07-12,-0.011606629463466467,-0.0026945632567563216,0.0155571749157426,0.010889281358835268
2024-07-15,0.0018540654345524654,0.007888965597061315,0.021375147416918594,0.07450627451762615
2024-07-16,-0.004318303440946525,-0.013992356581509768,0.0,0.02882199713100997
2024-07-17,-0.09727383854990446,-0.015767791901394546,-0.01569587588915078,-0.018270356107345287
2024-07-18,0.0,-0.01839568847927886,0.014883064724072748,-0.0558312805802883
2024-07-19,-0.011667816050424218,-0.00016886769936264034,-0.0020949534644217893,0.025405165380828487
2024-07-22,0.026388897535241984,0.022571163175411302,-0.00419876975345479,0.0004271776568567365
2024-07-23,-0.030446537036213805,0.0006605039325979778,0.01229797585133019,-0.023484168884237655
2024-07-24,-0.052337753244456,-0.05038766130062744,-0.07670944552030268,-0.06383913153674503
2024-07-25,-0.009572909806426555,-0.03099119180036558,0.0011277736416039907,-0.010742622320201844
2024-07-26,-0.00892192470340547,-0.0016738751823668352,0.020653442048150117,0.0009443086626765851
2024-07-29,0.0015004094432216064,0.015149722023575452,-0.003679189858238674,-0.0009434177850896619
2024-07-30,-0.01947567201891065,0.004482869209943896,-0.02621857778703751,-0.03682722735631394
2024-07-31,0.01757062945418353,0.00734041254334028,0.019719322482591117,0.008333337229061932
2024-08-01,-0.03828823475166376,-0.004546897263271954,-0.030122703024463404,-0.016042777277682108
2024-08-02,-0.2693208938273153,-0.02401019163275786,-0.05138037409922935,-0.11660082198811128
2024-08-05,-0.06944440623633741,-0.04446179971292352,-0.026273226537742,-0.0816554336130102
2024-08-06,-0.00803670430742165,-0.006028327516534482,0.10377750038044042,0.04811199783849318
2024-08-07,-0.040509301801152975,0.004106382556228638,-0.010154210463116264,-0.005229416038752488
2024-08-08,0.07840767448990205,0.019441200423149452,0.11246204506618462,0.03563076361567763
2024-08-09,0.012304319408798614,0.010121591387719064,0.024931677770392957,0.010716330454775269
2024-08-12,-0.0033148875512626352,-0.008431629270617802,-0.020993037764422184,0.0345982609706339
2024-08-13,0.023281493771090345,0.011522628612760988,0.03437713606985282,-0.007011923500303441
2024-08-14,-0.021668452782683367,-0.023087320761188135,0.020072412721381827,0.013036380940106396
2024-08-15,0.029900383803758146,0.005799313742615331,0.007096752043693311,0.048257353187077356
2024-08-16,-0.00752695129708425,0.010291256709364482,0.02754652583647954,0.021994901378852072
2024-08-19,0.02925248874912234,0.022766375160868213,0.013092211501644524,0.015015072636763493
2024-08-20,-0.0031578666285464463,0.0030600091313623956,-0.005538470928485584,-0.022189385981420617
2024-08-21,0.001055889643671204,-0.007955524707130568,0.00680696852662277,0.017650044519229358
2024-08-22,-0.024261556259745465,-0.012360645513730617,-0.019053497903792294,-0.014370709174516882
2024-08-23,0.019459492451435745,0.011111155834098607,-0.004385945780507994,0.061840195441388746
2024-08-26,-0.001060469624412086,0.003260398224435468,-0.02926369682448071,-0.007575840359983155
2024-08-27,0.008492560834195695,-0.008907105549652905,-0.0003241565237659394,0.019084043098801073
2024-08-28,-0.033684178402549336,-0.011112393905649998,-0.015564187414442987,-0.048689180047276515
2024-08-29,0.004357294174649917,-0.006570419151032403,0.021080348378854197,-0.0073818711015276595
2024-08-30,0.013015171592587471,0.009889963353341358,0.015483856201171875,-0.0024788912677948804
2024-09-03,-0.05139191521079878,-0.03684672598728089,-0.03081319337546551,-0.03727634039346173
2024-09-04,-0.00790064306283178,-0.005782795702906074,0.002622088597374894,-0.013422830026688093
2024-09-05,0.009101242781938579,0.005049550750317433,-0.01405689123997611,0.02930400042159298
2024-09-06,-0.028184893261049004,-0.04019344715131945,0.005636607332693,-0.037112330422210627
2024-09-09,-0.010440853107047676,-0.01333595854602232,0.14078465417593322,0.03801474620128964
2024-09-10,0.01289573432533353,-0.0003361908353040066,0.004624273250525723,0.002034634579745953
2024-09-11,0.04166662527455389,0.01681684292321317,0.0025891874837098428,0.047715664482478326
2024-09-12,0.03555552164713549,0.023352806752442,0.0017217037566177318,0.048449613835818583
2024-09-13,0.02145931003093504,0.017906848750975035,0.019478668236837304,0.019870624644355184
2024-09-16,0.01260502938959629,0.0038103971728589148,0.020230436010570507,0.006343425083112697
2024-09-17,-0.022821603650791777,0.00797172120375933,0.0038556701832410667,0.01936066289513727
2024-09-18,0.026539277916689308,0.0030755479521176188,-0.001920430544829821,0.013692640532170453
2024-09-19,0.04136500676053512,0.014579774161249004,0.012369454363041488,-0.006100274176162546
2024-09-20,-0.0019860481326166024,0.008942927885974727,0.010046128522665176,-0.0035072304068004545
2024-09-23,0.014925334893879816,-0.010636392967890984,0.020161289909090163,-0.0013197879410922209
2024-09-24,0.03627449926253856,0.002718480587518668,-0.02766796352968548,0.0030836868930199657
2024-09-25,0.0018921909499642897,-0.004929326103076392,0.005961989076113339,-0.016688671957653334
2024-09-26,-0.002832835933799349,0.00767838018122835,-0.0005388054509476436,0.001786552774353245
2024-09-27,0.029356008865919714,0.007497169565603645,-0.0070080412999090624,0.065091353749815
2024-09-30,-0.015639381608438918,0.01158893992809773,0.009772003497841242,-0.019673475318636613
2024-10-01,-0.026168199809568193,0.006873723467842874,-0.0198925178303766,-0.04654142395546801
2024-10-02,0.044145876658244765,-0.006766920188909231,0.028250208992264936,0.013434806900382457
2024-10-03,-0.012867678478875488,0.0,0.046679112340641815,-0.008837775652133284
2024-10-04,0.005586631368284634,0.007235023318012734,0.019622747454900002,0.020508206786181482
2024-10-07,-0.029629689152511185,-0.024422364440804145,-0.027992976227694255,0.018785509682898383
2024-10-08,0.01812982274396857,0.008589986613642298,0.06582672701127446,0.09819901138487586
2024-10-09,0.0009372285670412595,-0.015330363449771012,0.04053076656823307,0.0015618511216490827
2024-10-10,-0.001872701984285463,0.0013592509286195487,0.009042415487829691,-0.005847938431231325
2024-10-11,0.044090081965893146,0.007156896014849812,-0.00022982849552533047,0.030196096382889115
2024-10-14,-0.007187773843978396,0.010536692365222367,-0.0025280808985888026,0.027788333822452937
2024-10-15,-0.0009049980732327434,0.0030311021677476013,-0.022350257755745173,-0.007407435664424145
2024-10-16,-0.025362294740823077,-0.0018132209376350295,-0.011784114928205858,0.00485078626179436
2024-10-17,-0.027881058025408523,-0.01350208232122263,0.0016694417914320248,-0.022651340640138184
2024-10-18,0.002868043294625755,0.0030074980221619363,0.02309526715959831,0.01937690861683894
2024-10-21,-0.015252607331091905,0.003977546958244815,-0.006283464046856535,0.005218016774004575
2024-10-22,-0.033881934564831906,0.006521505606654321,0.005620558770055961,0.016314443650717658
2024-10-23,0.01703407656227718,-0.01429084852718665,-0.00815087296959982,-0.025902921868848128
2024-10-24,0.011822743225952337,-0.00036874644364282005,0.022775327946181978,0.0194756005826342
2024-10-25,0.017526713094291324,0.01567120000007538,0.029843875024706534,-0.0058780254022127165
2024-10-28,0.024880405131808336,0.008773467501462129,0.002452086688696564,0.03030301962334736
2024-10-29,0.016806751123683794,0.017754266701861532,-0.0008895022112859197,0.005380255753020036
2024-10-30,0.15886129363596257,0.028170712173067436,-0.027598523704526978,0.006421633728782128
2024-10-31,-0.036450082592579536,-0.019202009305219092,-0.04875251362713107,-0.16731653550291936
2024-11-01,0.03042762254950393,0.0010518483187116345,0.0086620977805274,0.020434208042288127
2024-11-04,-0.03272145699518603,-0.011967958503782627,-0.012165991025997136,0.014601601647720175
2024-11-05,0.005775552432770503,0.002954447101563007,0.23472594195893404,0.026315764707210976
2024-11-06,-0.031173024925949422,0.03988445798408602,0.08605510696782459,0.19631417089783243
2024-11-07,0.05673150709687902,0.024021385809476214,0.006302940689940195,-0.016744808766904873
2024-11-08,-0.03766020277195237,-0.013278018422471227,0.04491764984889013,0.040190745253586346
2024-11-11,-0.004163213137550303,0.011213885288906988,0.03168354697990172,0.07400125257966716
2024-11-12,-0.058528411959235416,0.007041744098852387,-0.006474156598257785,0.006097584377790843
2024-11-13,-0.013321542553777155,-0.015086266858421404,0.014202210701574236,-0.03303030765417847
2024-11-14,-0.031503099784981226,-0.01844822072294172,-0.025041193388117944,0.009714866022356272
2024-11-15,-0.01486987397850048,-0.01759877766038298,0.11135512510827539,0.003103614845825664
2024-11-18,-0.004716998956176499,0.016290747285911067,-0.0685722753797442,0.08292080230449272
2024-11-19,-0.0037914655099395844,0.016086739552922058,0.028077069340998184,0.006857190813337022
2024-11-20,0.007611790862402934,-0.012014445153000874,-0.013655138402705491,0.023836552570347003
2024-11-21,0.0037771445964760453,-0.04744847079313341,-0.012234358251785427,-0.027439069518413572
2024-11-22,0.07431796362634158,-0.017121132899036384,0.04872877825990618,0.044457149230760606
2024-11-25,0.015761847983646993,0.017540655750411416,0.004662052196915845,0.032742070894454356
2024-11-26,0.0,0.008768293232053193,0.016859958424816135,-0.03778072292799439
2024-11-27,0.0008620064550595163,0.0006504504351154683,0.004715625160662373,0.0337727462595645
2024-11-29,0.01722659507784119,-0.0016545664169163032,0.015594227580727704,-0.0029216628391356414
2024-12-02,0.02540213602043906,0.015034052497328254,-0.010286261517166717,0.002131007309707611
2024-12-03,0.061932289121615636,-0.0008747765846318645,0.06883566405841512,0.027113250577452064
2024-12-04,-0.01866250214039078,0.017684135155805913,-0.015642624361229096,0.03519670372241013
2024-12-05,-0.03565767142201537,-0.009921393723107075,0.02891917418164769,-0.027000045776367165
2024-12-06,0.022185661659549938,0.011990385765867195,0.06219553945294898,0.07065776283088976
2024-12-09,0.004823185019339871,0.004927991653431496,-0.05082522189606353,-0.051115847060568265
2024-12-10,-0.007200012207031259,0.05588191327606107,-0.02166712275270577,-0.055134047918539486
2024-12-11,-0.033037860793979634,0.05524650224235628,0.022852345331217272,0.012847953276085677
2024-12-12,-0.051666657129923466,-0.017604895982063273,0.009515857008463025,0.039376365551227366
2024-12-13,-0.006151115476298763,-0.011148130073203477,0.03920768942943176,0.02212049050040532
2024-12-16,0.002652496185513664,0.036034121821726606,-0.0042066477732086716,0.07462686425532894
2024-12-17,-0.014109333797107215,-0.00630537541147802,-0.017953803436984273,-0.036342584886505214
2024-12-18,0.0035778140215712018,-0.03592264255554811,-0.038714844428654804,-0.10929615950803873
2024-12-19,0.007130117807674585,0.0005838673679352535,0.03775691326506392,-0.003775706511115917
2024-12-20,0.008849506735177037,0.015383862696629835,0.08543328453714683,0.03762867504117007
2024-12-23,-0.01228064862571343,0.016822583744750652,0.0017380432569131798,-0.021654103610875053
2024-12-24,-0.007104788817042462,0.007604127685597595,0.020944290009644373,0.05546671549479165
2024-12-26,0.0017888643598780174,-0.002600538856857848,-0.00291330264349543,0.020212208187238234
2024-12-27,-0.018750003725290343,-0.014519478029440869,-0.03725344024021726,-0.033680053847879754
2024-12-30,-0.011828946055354783,-0.007885467903098742,-0.024026321217569535,-0.018964676314337736
2024-12-31,-0.008287219314803473,-0.010144239036113722,-0.020082962498432,-0.02664578083307889
2025-01-02,0.043639674408341156,0.000686612137909659,-0.0058177287847492876,0.058507793971529054
2025-01-03,0.06494666465976473,0.012458489800212469,0.06250826965865275,0.04842798970379891
2025-01-06,0.05012526436178111,0.02648731888247635,-0.04969334398589975,0.03288997969861396
2025-01-07,-0.001591050483286005,-0.00700966962427807,-0.07810854120385657,-0.05033944643570076
2025-01-08,-0.04063746781919153,-0.007877683719385797,-0.0251463717753162,0.006163707878092506
2025-01-10,0.035714311174267044,-0.009847931515636232,-0.014216637446560432,-0.017887760785866846
2025-01-13,-0.025661639265929237,-0.005363473853433276,-0.03389828585908894,-0.012225590221583649
2025-01-14,-0.06666662480441832,-0.007067695494867632,0.014312099986626858,0.05481177470527143
2025-01-15,0.044091710165091724,0.031055591070081157,0.03383394937999462,0.09099624531829464
2025-01-16,-0.05236485452439521,-0.01350037980988228,0.01614321226847859,0.011413530335592004
2025-01-17,-0.03208561513224406,0.016017776316116006,0.03653955599875491,0.04492186659222708
2025-01-21,-0.027624240013312762,0.010459263201471058,0.018113461231203942,0.038421566261566786
2025-01-22,-0.00946973271743079,0.0016157484269967437,0.052004968764588266,0.003199996948242134
2025-01-23,0.011472264351955141,-0.0019660409014227165,0.02744894672773235,0.003987256051592114
2025-01-24,0.029300606980355193,0.01126379099986008,0.0,0.01509130882291898
2025-01-27,-0.003673090963450143,-0.04195600282413581,-0.04482148347764747,-0.06611888349062123
2025-01-28,0.031336330595365336,0.018195146297087295,0.06349417763139265,0.03477167551422311
2025-01-29,0.039320871363477394,0.0005632391387924152,-0.005858172766267322,0.035425100120356046
2025-01-30,-0.024075643182798978,0.027941191549187172,0.018304902775440945,0.036168102031924665
2025-01-31,-0.00528638040529561,0.015681891954061777,0.015636501157090477,-0.019811306359632908
2025-02-03,-0.010628865010145372,-0.013675258783821365,0.01515335231386894,-0.0009624492074351565
2025-02-04,0.03849599840991669,0.025592720368541988,0.23990929639105207,0.013102124955366667
2025-02-05,-0.08362070992500337,-0.07292373337949898,-0.023788897015740718,0.030810172603074504
2025-02-06,0.005644352332684566,0.0014111748452267925,0.0978689631926879,-0.019003737629067152
2025-02-07,0.02151548222066424,-0.03267231778047697,-0.0038641293124797027,0.05059248700477448
2025-02-10,-0.0192307725897235,0.006096981803378698,0.0523229872042974,0.007339775204659338
2025-02-11,0.014939294756509902,-0.006167156112434347,-0.034547781625213436,-0.05207037997760533
2025-02-12,-0.012879516540634572,-0.009227339957197156,0.04235479068314252,0.048181471456173686
2025-02-13,0.048462300088345955,0.01377919796346272,0.004429715266757173,0.14111964605940952
2025-02-14,-0.03555552164713538,-0.0048888649687081065,0.010601305751648304,0.023197485265432638
2025-02-18,0.017511481447299637,-0.007882098725522146,0.04582073612514348,-0.07414216058660317
2025-02-19,-0.023550745451107358,0.008162444913296873,-0.1007864300366722,-0.020019839708234954
2025-02-20,-0.00927638499744643,-0.003832258351059825,-0.051668758180187124,-0.05352014508601877
2025-02-21,-0.03183521937008915,-0.02654961936062261,-0.04629715182423799,-0.0795576666056742
2025-02-24,0.007736936414457718,-0.002282139607828193,-0.10527872056820808,-0.03236430655676992
2025-02-25,-0.0019194297137458127,-0.02136680812169267,-0.03131896733267936,-0.0803124797060093
2025-02-26,-0.02307690191550993,-0.015334615315869438,0.016734987272182034,0.06380662939915527
2025-02-27,-0.016732291225107332,-0.024489037298889182,-0.05083418474565271,-0.0014329518323588086
2025-02-28,0.026026049533405926,0.010563707567440739,0.0017695119950340565,0.027060265023713947
2025-03-03,-0.0468292236328125,-0.0192036326812689,-0.017663683847658596,-0.06407183996484078
2025-03-04,-0.01740021170202255,0.023411818113465932,0.01174782280561626,-0.014288722065823323
2025-03-05,0.019791622170145518,0.01228644405247814,0.067890943411679,0.041107694958921526
2025-03-06,-0.019407515947256204,-0.0038724220538706167,-0.10728945371823584,-0.06816290216339793
2025-03-07,0.012499987582366145,0.008761330484801322,0.05530704235982875,-0.009366681137674804
2025-03-10,-0.0658436549115845,-0.044857841683556554,-0.10045938100103835,-0.197883778999687
2025-03-11,-0.02422910450190996,-0.011032749174012868,0.021864439099140043,0.020488339050025894
2025-03-12,0.003386082145375502,0.01871501871101411,0.07174885656836594,0.07040697237680815
2025-03-13,-0.05849273764699481,-0.026030767166074886,-0.04817691220304532,-0.0745117638133801
2025-03-14,0.03225811964818637,0.016773167587501137,0.08314487426304051,0.08939481343091127
2025-03-17,0.040509191422185564,-0.007251275543762592,0.012871064910101149,0.07084604129419336
2025-03-18,-0.028921049555210132,-0.022034166241239217,-0.03961075151589999,-0.045692574077253134
2025-03-19,0.035509786468704396,0.02004110132066028,0.026344011211726803,0.06733169241095927
2025-03-20,0.02101765278595802,-0.00665081488049446,0.014982589296039128,0.020093472562655812
2025-03-21,0.010834278053008184,0.007309625425567345,0.040851352783589645,0.016032999665274827
2025-03-24,0.022508042857899202,0.022501330786470986,0.06365436426786131,0.09017132427781305
2025-03-25,0.009433978296411683,0.017175530615612278,-0.0025839793281653423,-0.004342412775480975
2025-03-26,-0.022845302639083243,-0.03224670342190605,-0.04373058259795981,-0.07102807632943586
2025-03-27,-0.025504758236969294,-0.01708459934255757,-0.023732146406330257,-0.016543659095520136
2025-03-28,-0.03053432177116766,-0.04875493245810503,-0.04706402526499209,-0.04705622710932411
2025-03-31,-0.02024750261241315,0.0020086236883958275,-0.01688988903918598,-0.007156470662319614
2025-04-01,0.025258354312890807,0.015713923992858092,0.0033175210217386564,0.012974553805518152
2025-04-02,-0.005599125310878583,-0.0001910265566792413,0.03271134427354383,0.012333976746814246
2025-04-03,-0.09684680693626224,-0.04024445564491608,-0.04402514132047075,-0.1035614328031429
2025-04-04,0.003740614870183734,-0.033970314960717674,-0.11471287694890653,-0.09801359551784017
2025-04-07,-0.03975157317756095,0.00789832311071903,0.051749683706403315,0.026079442760138738
2025-04-08,-0.06468305288050047,-0.013969299106298405,-0.00668032717793543,-0.03501840394832478
2025-04-09,0.21991696702021435,0.0968209888241609,0.18998968571374153,0.23529415704898482
2025-04-10,-0.11224487589258292,-0.037111684087294594,-0.037169934995503695,-0.040274835342624216
2025-04-11,0.01660282448373085,0.028268531101652172,-0.0004514424628744296,0.07825233559581646
2025-04-14,-0.0062814309667393875,0.012282085870185977,0.0459627278888437,0.010531114497683403
2025-04-15,-0.005056885287565982,-0.017350884399436217,0.06240551293343777,-0.0013592559905613033
2025-04-16,-0.016518439178056288,-0.019064665300825512,-0.05782522716638161,-0.07758624867463504
2025-04-17,0.018087900188985317,-0.014152464732423709,0.011541362370733,0.01278899310661874
2025-04-21,-0.03426395647275571,-0.023088209908510238,-0.03177645304253229,-0.03229727589116904
2025-04-22,0.03153742009296501,0.025733087702574764,0.035132100273095324,0.05621083473620381
2025-04-23,0.016560524333790072,0.025615712371535926,0.07266732616543092,0.06105962664545639
2025-04-24,0.043859637067169555,0.02529760909645562,0.06903391296905514,0.07814602978931795
2025-04-25,0.02521008884397946,0.016825801615046654,0.046390796591476935,0.026998944877745013
2025-04-28,0.03395784111808142,-0.008335426614863306,0.0165809786027884,-0.010515681491220286
2025-04-29,0.02944509978803156,-0.002801766573036657,0.012472745627072568,0.008992410054459832
2025-04-30,-0.12431244174613254,-0.008491585154081771,0.020330811277780247,-0.005266322202921669
2025-05-01,-0.016331672590190194,0.015743083407402825,-0.01891257554028014,-0.05070253812910652
2025-05-02,0.07918261706260998,0.01692498940394538,0.06953530157710497,0.04225656940879463
2025-05-05,0.011834364938100972,0.0010974332189115366,-0.00410365417798364,-0.011113416625469719
2025-05-06,-0.022222284189362895,-0.005968095543116836,-0.1204653505462473,0.0133194464060431
2025-05-07,-0.0275119080959082,-0.07259689872418995,0.014881524320219164,0.026699591054099914
2025-05-08,0.011070129313778043,0.019157128722583572,0.07847572325767116,0.0816162808435128
2025-05-09,0.0036496024326815313,-0.00991704946463734,-0.015526634078299018,0.010726869508567827
2025-05-12,0.11636364098751173,0.037381332437200765,0.009889138981548085,0.05086914367203521
2025-05-13,-0.011943502304195164,0.006752422177654704,0.08137774011097854,0.08950025008419171
2025-05-14,-0.007692378633420427,0.03660758781864093,0.016237209002041952,-0.01885888302590788
2025-05-15,-0.0498338673944867,-0.008526332282145943,-0.01582422549157969,-0.011565386732881655
2025-05-16,0.019813528881771347,0.01360091835013777,0.010927327572818779,0.01779825331123641
2025-05-19,-0.007999965122767905,0.0021059436073365134,-0.024629418901930378,0.040641165637112175
2025-05-20,-0.017281171305391085,-0.01537165558773157,-0.005857717742723478,0.00995809946276105
2025-05-21,-0.029308324481379433,0.027930240360199754,-0.03989166854784287,-0.01617629013277566
2025-05-22,0.018116011720058722,0.01370430903790143,0.014181448486528803,0.014249859442803325
2025-05-23,-0.023724882052098883,-0.014045746489189215,0.008340801663506259,-0.024702772225515868
2025-05-27,0.02308633592049847,0.026295443210156533,0.0006487862512256637,0.04511632985169478
2025-05-28,-0.009501178501326923,-0.003123135350091011,0.002998644528829475,-0.013329253228769877
2025-05-29,-0.007194294786443289,-0.002900960076056558,-0.01163544292623031,-0.018268324191880292
2025-05-30,-0.003623156272787309,-0.000698170693222866,0.07733812220466296,0.03440188798581545
2025-06-02,-0.006060629179983401,-0.015779682933234063,0.0019729436124169553,0.0276644261351795
2025-06-03,0.020731717103439795,-0.01686093363108765,0.008558050138367967,0.05501614708861391
2025-06-04,0.009557936057332572,0.011252845755370444,-0.023729095934209243,0.007668647699416331
2025-06-05,-0.02958579948438389,0.0009521811256865131,-0.07768626468325479,0.0033209561963787326
2025-06-06,0.008536664649606562,0.0325187398698803,0.065132160120696,0.032685078573502224
2025-06-09,0.027811309492783653,0.0151035371418764,0.03398055352654605,-0.019764900932491725
2025-06-10,-0.0011764975155100776,0.014254130375519258,0.005679236815578692,-0.012125332031970748
2025-06-11,0.009422841679949556,-0.006998879939990044,0.026955815803514582,0.032685078573502224
2025-06-12,-0.0315051941311526,-0.009303688178676217,-0.008798276659668813,-0.01388890162492451
2025-06-13,-0.04337350906524862,-0.005862258378981577,0.016347299468656873,-0.01679303799116294
2025-06-16,0.0415617629930769,0.01202270639222447,0.02918493408846934,0.05716255665429815
2025-06-17,-0.010882726433636525,-0.004638837497310089,-0.02269999738870887,-0.02345280849195852
2025-06-18,0.006112375940733328,-0.014947369534749622,0.012735237369680519,0.04536359792285016
2025-06-20,-0.026731388285680557,-0.0385414704147482,-0.019005455376602365,0.0019145057919618402
2025-06-23,-0.01248444177431518,-0.008701373941149115,0.019082265542265553,-0.027388554469794935
2025-06-24,0.05183310433896504,0.009564754571724787,0.023656357932460237,0.07413233497349503
2025-06-25,-0.0348557659242984,0.02344539367482623,-0.0023039994477305203,0.009023263559245986
2025-06-26,0.013698706601433575,0.01675650769322634,0.00944720896554796,0.02138968752950343
2025-06-27,0.07125305887509326,0.028754210477215603,-0.09365680767303941,-0.017628938984248776
2025-06-30,-0.0034404456108726444,-0.01288300603531134,0.04268014071137882,0.127664683005682
2025-07-01,0.07594946294086169,-0.002213013670223307,-0.041373344669968226,-0.013884390264849888
2025-07-02,0.0032085274595974322,0.015923584565922022,0.011019303046480244,0.06119356020611022
2025-07-03,-0.011727042146609024,0.004982083479003974,0.016954326187926583,-0.036538086429871
2025-07-07,-0.008630083433638913,-0.015262103892355383,0.035427169434451455,-0.009957652820043239
2025-07-08,0.014145823762431009,-0.01374508042346223,0.004241026576968343,-0.023432510837356646
2025-07-09,-0.02145920770536125,0.012961656910557284,0.024479264222996067,0.035827811906787854
2025-07-10,0.024122836599720143,0.0056618731040984915,-0.004401626921820556,0.044002496217784515
