Date,WIX,PLTR,MELI
2020-10-01,0.05728862371533694,-0.004210522300318709,0.03035620606797096
2020-10-02,-0.05893488277377079,-0.027484167847082297,-0.03228612877611736
2020-10-05,0.05655241520561716,-0.01847826954547782,0.01042313329384692
2020-10-06,-0.009443465136478202,0.09634550512581486,0.0007427778121655848
2020-10-07,0.06191119290632496,0.010101049022522401,0.04912083181266014
2020-10-08,-0.00759371260565167,0.0,0.01342357652156112
2020-10-09,0.04344403515975759,-0.00500001907348635,0.03401498734818542
2020-10-12,-0.004317763463781654,-0.0060300971952294,0.013260130211457
2020-10-13,0.017483539140033644,-0.042467144763802644,0.043939990907104765
2020-10-14,-0.026958465788809782,-0.013727572415550227,-0.02400788839824719
2020-10-15,-0.014495822411403125,0.06102780358802096,0.015492099970140227
2020-10-16,-0.02518523685515872,-0.020181615776448725,0.010724300278466936
2020-10-19,0.007019838414517032,-0.014418160944669856,0.009965583772477471
2020-10-20,0.001257657631577036,-0.03134788366010055,0.03863555427363474
2020-10-21,-0.025515828125959983,-0.007551310144748635,-0.02589117797033924
2020-10-22,-0.027178333396832066,0.05217396802848251,-0.0037025229004574722
2020-10-23,0.029186823698488684,-0.019628153725989694,0.013783367815488168
2020-10-26,-0.022731426000568433,0.04847208105809808,-0.02341184914433292
2020-10-27,0.008694333762532924,0.1005025144893803,0.0008038061430679644
2020-10-28,-0.019141809264225706,-0.009132367994271307,-0.006924142541867018
2020-10-29,0.004641082068568725,-0.009216624696208542,0.021506148276533965
2020-10-30,-0.06350103845741839,-0.057674407958984375,-0.06681880808750318
2020-11-02,0.023936592243362753,0.04047382455876081,0.0014908252960283974
2020-11-03,-0.03313062394430766,-0.003795062808140126,0.01489479509955749
2020-11-04,0.08682858369649682,0.02095240638369611,0.06622525073001606
2020-11-05,0.04513175163178618,0.1082089382945155,0.09281070226269272
2020-11-06,0.029375857799407434,0.16414139650510484,0.0334260223197298
2020-11-09,-0.11278775919927098,0.0607375384831379,-0.10441092443291722
2020-11-10,-0.038700794610451505,-0.04567144327263062,-0.07867165422559486
2020-11-11,0.1048859434099334,0.14000000272478386,0.06399513801672252
2020-11-12,-0.05452587857379354,-0.08646617237734933,-0.006508283158883854
2020-11-13,-0.042380572027201246,0.08367628761404688,0.0043673103238328626
2020-11-16,-0.011545042695687013,0.008227855245036553,-0.011792614955418168
2020-11-17,0.0315192202344281,0.12052730944833212,0.011272554313889183
2020-11-18,-0.003533446585140654,0.0028010776466118603,0.013283958801212803
2020-11-19,0.036950470389667034,0.060335192554307415,0.039610409275302905
2020-11-20,-0.002603493120737266,-0.04373023939537246,0.03407278679306702
2020-11-23,-0.03140223787634666,0.15922872494424278,0.024545007047736656
2020-11-24,-0.004746421832079628,0.1321292137989052,-0.008603284312488912
2020-11-25,0.013539207867597991,0.21956337570284434,0.02854201768835507
2020-11-27,0.031262446670598854,-0.047848517251427136,0.02233920714326887
2020-11-30,-0.012334709232210694,-0.01988428199908343,0.026363889263276707
2020-12-01,-0.022315300127958015,-0.05311694952554791,-0.020388406050855234
2020-12-02,0.006446965274079952,-0.12310088967745447,0.0007885803299827465
2020-12-03,0.008315414849775493,0.06752556385199004,0.024611573505950002
2020-12-04,0.00947010703008555,-0.007490649189861087,-0.0018969974507727638
2020-12-07,0.004299694472319926,0.21341719375998713,0.011699116879631433
2020-12-08,-0.022418536842852888,-0.012094000518688142,0.02556488316896277
2020-12-09,-0.01154594066817538,-0.0685554732899809,-0.04910015940575141
2020-12-10,0.09469526766123204,0.015396236112721562,0.03448005201418325
2020-12-11,-0.019758610425001488,0.005917153919925866,0.010764246528085941
2020-12-14,-0.020532266602273586,0.0014705517300281912,0.007114303651867271
2020-12-15,0.0,-0.029735663463595352,0.03147592165700441
2020-12-16,0.026711125758758447,-0.019296262693646815,0.00032956987839560803
2020-12-17,0.00798769774031416,0.05054010270395359,0.006259179730569997
2020-12-18,0.01259035203759784,-0.04627250275665462,0.026006145114273682
2020-12-21,-0.013969673262719029,0.09780519763900042,-0.014962196149439833
2020-12-22,0.009494483226028194,-0.01648541948724236,0.02031933735539604
2020-12-23,-0.01197696365180334,0.0231811553961232,-0.036008060745762016
2020-12-24,-0.006804694984214099,-0.03276404728336457,0.01225739401765491
2020-12-28,-0.0538001124957197,-0.07639642663904134,-0.0158298294418161
2020-12-29,0.0044316479836608025,-0.03784624834632566,0.005872394214947674
2020-12-30,0.011936177689360727,0.01784268194566896,0.023573461091541903
2020-12-31,-0.02693864075603003,-0.06175303270327759,-0.022020603169635056
2021-01-04,0.012761990306188409,-0.007643244316708375,-0.02102408717605153
2021-01-05,0.02409641023341269,0.05263155746966919,0.0060975609756097615
2021-01-06,-0.04393442387521096,-0.04308940851646659,-0.04728486032196966
2021-01-07,0.018639534841486505,0.062022048754875714,0.01653328322070946
2021-01-08,0.043765855666768605,0.008000030517578027,0.07573986465066085
2021-01-11,0.009790105810406624,0.028968234926004754,0.02475279163939792
2021-01-12,-0.0198414154670723,0.009641341961345695,0.02755523013636707
2021-01-13,-0.02806422743652448,-0.025974037328080013,-0.00657427235041852
2021-01-14,-0.01972308827400171,-0.02274509504729627,0.030219325911771566
2021-01-15,-0.02909338009478002,0.028892428216299226,-0.00040485173688908915
2021-01-19,0.035477443641831696,0.03822158630708139,0.033173449690971246
2021-01-20,0.007124554936710492,-0.010518432675360123,0.037178358013543855
2021-01-21,-0.010730454656374677,-0.013667449060974723,-0.02224922401127527
2021-01-22,0.0022899217757179624,0.2540416630142188,0.012813233844443328
2021-01-25,0.021283407918876396,0.11203184487554352,-0.04328136521451209
2021-01-26,-0.032103641430917484,-0.02373725148268324,-0.03843617540724731
2021-01-27,-0.008596201277922044,0.10262938020173129,-0.04925489259711291
2021-01-28,0.015296545984311072,-0.0856410295535357,0.0733286977816825
2021-01-29,-0.004793757714604219,-0.013460447119748475,-0.035354751857262334
2021-02-01,0.052378008592480096,-0.03467882916770848,0.06590579915440964
2021-02-02,0.06565640203621115,-0.08657240005796185,0.006959099794935142
2021-02-03,0.002021214045796471,0.0238555693165039,-0.0206650144267414
2021-02-04,0.002593477535359767,0.009130951073325067,0.012205138579809871
2021-02-05,-0.004347170622253094,0.062402497585314354,0.01308792860084207
2021-02-08,0.018330698526901612,0.05873715256425527,-0.00898791541266164
2021-02-09,0.004606563728817514,0.05880718382111194,-0.01204173543553011
2021-02-10,0.02472568518424434,-0.06471044077794641,0.01452077717318967
2021-02-11,0.018208759276364006,-0.07254902233157923,0.01940931211306629
2021-02-12,-0.01014164505851689,-0.03624284931496746,0.00038615008366593706
2021-02-16,-0.045592726391947,-0.12754621480057116,-0.0016109134754567211
2021-02-17,0.08122812889543862,-0.02729885864642101,-0.025579031193886714
2021-02-18,0.13886679556040749,-0.0705317523188056,0.0004443675811731662
2021-02-19,0.026066492351449755,0.1521652726299867,0.010205780357865235
2021-02-22,-0.04888274928386238,-0.03448275862068961,-0.06363625617135937
2021-02-23,0.00976684307668596,-0.044642857142857095,-0.007284079794388054
2021-02-24,0.03556376573125375,-0.013457966742114524,-0.03479580226450707
2021-02-25,-0.05031754635100871,-0.09208034715335978,-0.058891447728267265
2021-02-26,0.04518742825852695,-0.0025041514288398625,0.015529444563676664
2021-03-01,-0.02309440898929449,0.03807530803082382,0.04588827650005434
2021-03-02,0.007106817531458365,-0.013301085482047559,-0.04136509730185345
2021-03-03,-0.06493844070429455,-0.03635618489750725,-0.06965984851452178
2021-03-04,-0.05195373113945323,0.048325535492774296,-0.04539266057039426
2021-03-05,0.015525808588809253,-0.03154059012272592,0.007952596575881987
2021-03-08,-0.0938360385767163,-0.05970773526607076,-0.06849218620139841
2021-03-09,0.0888618261501688,0.07726464190715898,0.06021727612985939
2021-03-10,-0.04402207299934646,0.02019784692890525,-0.011322279712945083
2021-03-11,0.04278706891339046,0.07999998150449805,0.09418564616606084
2021-03-12,-0.011361056589317298,0.007108138320668367,-0.0131336052776575
2021-03-15,0.0032643094475497403,-0.00482909213960514,0.020107680794819727
2021-03-16,0.0010955729046877583,-0.04404629581374364,-0.019496342993103433
2021-03-17,0.02623289123514061,-0.015618958076761058,-0.008300598648329216
2021-03-18,-0.03535419582178223,-0.04879014624772082,-0.0659785587427556
2021-03-19,-0.029815724946346323,0.014178488702180525,0.008856869530701195
2021-03-22,0.0228245345726954,-0.004111857842292954,0.018786774998742484
2021-03-23,-0.012626144769806613,-0.0396366272373645,-0.01995783595385925
2021-03-24,-0.05029572740343269,-0.059329366059149624,-0.04064566262454583
2021-03-25,-0.026209672103049586,0.031992723482121344,0.010555913587041221
2021-03-26,0.038080402893392984,0.0,0.021012456829322623
2021-03-29,-0.03725333535349162,-0.03764394970512541,-0.01993751778453423
2021-03-30,-0.012318796240079144,0.014266055214979145,0.01753572314841567
2021-03-31,0.0458070018864456,0.056715061164964276,0.03088869592839094
2021-04-01,0.05042613892525716,-0.009446166253967436,0.026057294122749042
2021-04-05,0.01602459053066463,0.016038181366617277,-0.004667361024908945
2021-04-06,0.00469796609558526,-0.007252562816581043,0.029492227430692797
2021-04-07,0.0017702030397506174,-0.015900336568749562,-0.0037408426959557595
2021-04-08,0.005101186332341134,0.02227075272390633,0.0298313878080414
2021-04-09,-0.01088037839935263,0.026911622051329465,-0.0020592062539357414
2021-04-12,-0.033469651599332795,-0.029118167066596312,0.00562874688763948
2021-04-13,0.021582237880805266,0.08911739117856987,0.002855035100624015
2021-04-14,-0.014842828053325374,-0.06766323006263564,-0.032311284041937394
2021-04-15,0.01782456005971156,-0.02320679859509689,0.03421782528324102
2021-04-16,0.00010161499618188685,-0.02937366377455486,-0.004751529046152947
2021-04-19,-0.020965291926862806,-0.023586951290286984,-0.013122857617635098
2021-04-20,0.005258385893965656,-0.007292609093775604,-0.023921193825735987
2021-04-21,0.006676311277630909,0.039026558646633625,0.028420288822487816
2021-04-22,0.011554782612324344,0.010163564211867593,-0.00857965451947107
2021-04-23,0.0006759452894791185,0.024059458546623835,0.023953330547544782
2021-04-26,0.04393778784151259,0.029901784173520074,0.013804633061258675
2021-04-27,0.0023940370321957616,-0.009539670002588485,-0.011133676471893339
2021-04-28,0.04550590874865135,-0.0012562303329625157,0.010629717756791557
2021-04-29,0.000926031121051496,-0.020125766648174337,-0.020819987380548688
2021-04-30,-0.019645320330570537,-0.014120663750771145,-0.010861147448500419
2021-05-03,-0.013338335753260377,-0.032118127129417195,0.0003501310232869592
2021-05-04,-0.07712664619188048,-0.02959640672611552,-0.028392709197641697
2021-05-05,-0.008809874600119061,-0.02264324329660361,0.002377353479612543
2021-05-06,-0.03102124114960969,-0.05011817896269266,-0.055013309742463545
2021-05-07,0.03881298037741687,-0.016923850174490607,0.024143731605665186
2021-05-10,-0.02493165273725617,-0.06481016134913964,-0.06534980232365917
2021-05-11,0.029510982871075564,0.09420681298347855,-0.0021957420784700643
2021-05-12,-0.17323215687488203,-0.0653141887491907,-0.05713689623723328
2021-05-13,-0.07376499172251416,-0.027527716634019317,-0.004483693436493574
2021-05-14,0.0028828801335514243,0.09308650007356323,0.020398681736675472
2021-05-17,0.009611926857326036,0.018924261066255443,0.010339395331693924
2021-05-18,0.008007843498233802,0.03812320242171752,0.006942076552232779
2021-05-19,0.03570481186562424,-0.026836144113301486,-0.017644086419748573
2021-05-20,0.05497084951603548,-0.0029027317716943113,0.03983931854579481
2021-05-21,0.0023831494948334253,0.006792789204388638,-0.005723674479874541
2021-05-24,-0.0038281630166949743,0.022650569318288793,0.000153579011535232
2021-05-25,0.021156084242142104,0.012252603077051338,-0.001396818742189998
2021-05-26,0.020044357113204514,0.02979521930336304,0.014684072382502356
2021-05-27,0.006718489267293792,0.026220610384305676,-0.021992516147904317
2021-05-28,0.0024301752827051715,0.011013215488880235,0.0027085195168357057
2021-06-01,0.007427165789870571,0.004792971649071109,0.007507305557614474
2021-06-02,-0.012338175182013744,0.06027759450081427,-0.004690031900920544
2021-06-03,-0.013961945561720035,-0.03353789679286168,-0.028111070593726972
2021-06-04,0.0052951200662325615,0.016927699538095586,0.0009591205738277431
2021-06-07,0.030238003781179357,0.017894231607996414,-0.0001736072576491443
2021-06-08,0.026964688369340628,-0.003270642955863323,-0.010307889973024897
2021-06-09,-0.01891803897476163,-0.008613580463554538,0.0039114658210019915
2021-06-10,0.021913946718586264,-0.0012412365143074089,0.04305586858764898
2021-06-11,0.03052936498920822,0.021955289977048542,0.014126060187815925
2021-06-14,0.016989609950797346,0.0133765675997366,0.028634000992864728
2021-06-15,-0.019864541493003984,-0.023600006103515647,-0.019439754501173967
2021-06-16,0.0074122082774794595,0.015977033678260533,0.015981114981476363
2021-06-17,0.055306738327763894,0.026209739753038308,0.024768240626733107
2021-06-18,0.009430846642331403,-0.0031434153755528493,0.003746873814574281
2021-06-21,-0.04581251393758201,0.0019708015532748924,0.005640033034134628
2021-06-22,0.03203134462708901,-0.0007868000670198105,0.01941289597464957
2021-06-23,0.007352634006216663,0.034252002059035336,0.018445189213039948
2021-06-24,0.02589980667067282,0.009897229705033928,0.006282787143099489
2021-06-25,-0.0062951259925717595,0.009423294139824234,-0.0004344192707090855
2021-06-28,-0.01237297138095872,0.022404722133569477,0.018810160438392787
2021-06-29,-0.023919999551407,-0.027392257961595945,0.007818089491392843
2021-06-30,-0.006468886475596403,-0.010138886929175084,-0.015925433314908366
2021-07-01,0.0055464237147277995,-0.06221552575962541,-0.008216799765794036
2021-07-02,-0.010586271199412134,-0.011326811774853507,0.004511337126571036
2021-07-06,0.038434925805720166,0.009819957687141612,0.0012886930399877983
2021-07-07,-0.006868948317834245,-0.07252839924608723,-0.008404294094912501
2021-07-08,-0.020044323442477974,0.008300591486408715,-0.0090661110271818
2021-07-09,0.010072986228768732,0.009098829831692967,0.018363589690334026
2021-07-12,0.007835546886888256,-0.014598546123766543,-0.018630566023101647
2021-07-13,-0.0011779957904805016,-0.02178649165046731,0.014554364965596367
2021-07-14,-0.05236371130043016,-0.03964370898669578,-0.026611346142565107
2021-07-15,-0.011591969698367288,-0.0041744042123035285,0.0009754219902982086
2021-07-16,-0.006007890852971598,-0.004657590932427014,0.002671582884131274
2021-07-19,0.05291359493551773,0.007955080468777576,-0.010075959918266264
2021-07-20,0.016430628896846988,0.02971213381829929,0.029974556557849974
2021-07-21,0.005478508793747672,0.015329132006754342,0.005200544307806476
2021-07-22,0.019406662422754017,-0.019982271482783975,0.026480918605120918
2021-07-23,-0.0019135787365909263,-0.011780708313412935,0.014196709635716065
2021-07-26,0.007272426096437634,0.014672155096744355,-0.017412270735712276
2021-07-27,-0.02451511742372381,-0.02033433676710683,-0.0036008860877206894
2021-07-28,0.017662495533862455,0.04059036662266635,0.03609495525118667
2021-07-29,0.0023472577459706656,-0.01684393482988622,0.002742765956653459
2021-07-30,-0.015039569178777246,-0.02119031624149481,-0.0443613647673754
2021-08-02,6.693347405373196e-05,0.017964132355767992,0.006342878531203189
2021-08-03,-0.011886487199548879,0.0063348139018957195,-0.001868731635615295
2021-08-04,-0.0025414253574189694,0.002697817741001085,-0.0036174089918806773
2021-08-05,-0.06923486675980772,0.009865525929593,0.13764967219844748
2021-08-06,-0.022994445061399915,-0.031083514596383144,-0.016706678796400642
2021-08-09,0.008330884068086242,0.05087078945353318,-0.00030179260078500025
2021-08-10,-0.038568424737384976,-0.0004361198756538398,0.06993634578324359
2021-08-11,-0.1695953545542811,-0.02486909655003744,0.004812229163869697
2021-08-12,-0.025755268969696488,0.11364648612196948,-0.02378714623636735
2021-08-13,-0.021196517559745054,0.000401776983811164,0.0048461913569211035
2021-08-16,-0.016205176612180572,-0.01606424195414846,-0.03056814448705447
2021-08-17,-0.011327703321322602,-0.02163268108757177,-0.015047359200905275
2021-08-18,0.02271480790430802,0.054651706750828755,0.009129019246482128
2021-08-19,0.058901194023923464,-0.044303829462514766,-0.013547243686930832
2021-08-20,-0.027257999444071146,-0.00620859352142511,0.015102660693963266
2021-08-23,0.00436949967043776,0.033735920792205,0.013131505829452772
2021-08-24,0.06076514885959905,0.011281252622412197,0.025022121029005584
2021-08-25,0.0009361245017018849,-0.02988047763352597,0.008974285418016592
2021-08-26,-0.01140158363030197,0.021355254604406015,-0.01937021957449825
2021-08-27,0.006937844202656862,0.033775561596046666,0.01597225302404448
2021-08-30,0.004787290727556348,0.001944813154014291,0.007453096200569664
2021-08-31,-0.011131890549545331,0.022515524788534913,-0.006094030067277378
2021-09-01,0.010041407191789808,-0.005315086895877785,0.015561358726381869
2021-09-02,0.01578176890665417,0.01183204034027674,0.018360011869046566
2021-09-03,0.02576254096969688,0.004903778183485974,0.007601007619084443
2021-09-07,-0.014504532654213254,0.0022523038538180273,0.004018451215471508
2021-09-08,-0.026310066037505186,-0.041947595776401614,-0.024408440078659055
2021-09-09,0.013911780700717635,0.021501143029748038,-0.011924612197463547
2021-09-10,-0.05009015093109215,0.005740586708633755,-0.019114265798036767
2021-09-13,-0.006435182359483482,-0.017123316255015397,0.002814724980198635
2021-09-14,0.0007921260354215587,0.01664732119418777,0.0020133651973393007
2021-09-15,-0.008939371356074255,0.03122618764954721,0.017733844312706637
2021-09-16,-0.016254846866231354,0.057237785872505276,-0.004186842540889191
2021-09-17,0.010888246636836074,0.002794269160010465,-0.0016583810336595617
2021-09-20,-0.016250884833910684,-0.07523510680222589,-0.030629917472895007
2021-09-21,-0.003121442269145458,0.0026365952611833166,0.009825899449781739
2021-09-22,0.011609440265062831,0.030428228414951075,0.022245321237687854
2021-09-23,-0.008999997093564027,0.04885162733064363,0.0037244146211852236
2021-09-24,-0.005862290217313326,-0.007299304431002129,-0.008942530946104643
2021-09-27,-0.007830224379944406,-0.03816527216282717,-0.054273045307672185
2021-09-28,-0.010717576374783211,-0.07753910498756755,-0.048717593789578406
2021-09-29,-0.04525534106439277,-0.03235989304997988,-0.011307911023609396
2021-09-30,0.01077984467327564,-0.019575837409266716,0.009867788907962582
2021-10-01,-0.042047279899152024,0.01206318623687741,-0.00702634789602441
2021-10-04,-0.04266763271257512,-0.04767775795518425,-0.04488485049277946
2021-10-05,-0.014522593994123034,0.0017263274944756546,-0.0045895831698320455
2021-10-06,0.00762241600622926,0.015941441354081265,-0.023255371682187276
2021-10-07,0.041802035046648145,0.006361306998117211,0.003532351113067822
2021-10-08,-0.005808959991884688,-0.009692353420696853,-0.027573354983890908
2021-10-11,-0.015743365720424674,0.0012766249636386728,-0.03432394148211404
2021-10-12,0.004177484726113345,0.006799823320996268,0.0013225706369912604
2021-10-13,0.027642470766168437,0.01857317926508384,0.039130917851796454
2021-10-14,0.013529312942442084,0.009117332298163916,0.003832870848965886
2021-10-15,-0.005413069087159106,-0.014373732073371004,0.02548136186341643
2021-10-18,0.02515188642978039,0.010833342870076423,0.018892085511775125
2021-10-19,0.011648934743644812,0.017724662041175954,-0.0008539295976014438
2021-10-20,0.005502633145895386,-0.019036096012019166,0.008012518332486618
2021-10-21,0.01808964760587406,0.023121444639440547,-0.012512433362125708
2021-10-22,-0.018664145103399754,-0.014124308788189377,-0.050607923958409406
2021-10-25,0.011563619214233878,0.04011459394164252,0.021765138405285045
2021-10-26,-0.007520681990229594,0.004329028375132715,0.005304244269326741
2021-10-27,-0.0440515350095364,-0.01802511691105191,-0.028912532979080252
2021-10-28,0.019658623393192576,0.023144450760834934,0.011246663411458302
2021-10-29,-0.03622695177471302,0.009360365711048368,-0.023634178078107415
2021-11-01,0.032587638953563536,0.026275128563630012,0.005833827047909912
2021-11-02,-0.03843352108429743,-0.024096363046584468,0.012788103540887885
2021-11-03,-0.0035745432424778567,0.007716078794396619,0.015390693622125085
2021-11-04,0.07120342650141032,0.013399634872728772,0.016032022130477497
2021-11-05,-0.014156730865638956,-0.017755924652305133,0.04707387775761873
2021-11-08,0.012352716239682593,0.028846153846153744,0.012419000413002923
2021-11-09,0.021404196465614866,-0.09345794392523366,0.03635150331439396
2021-11-10,-0.013339934082636895,-0.07134018730871461,-0.06886630902739799
2021-11-11,-0.04580769738238866,0.020870306563091745,-0.00950874560488757
2021-11-12,0.05710057675060409,-0.006959541061549501,0.012726094376079411
2021-11-15,-0.008852677057357039,0.025405165380828487,0.02257767646885056
2021-11-16,-0.01720746678920715,-0.011960729964569428,-0.056122552703976925
2021-11-17,-0.06469496405887565,-0.027669667655414898,-0.035172450492058416
2021-11-18,-0.028546315567097413,-0.04401955452171813,-0.02772080283928202
2021-11-19,-0.04164788707254852,-0.0041860536087391376,-0.03100059249812459
2021-11-22,-0.05631230177474866,-0.03549744205036509,-0.061686942753173435
2021-11-23,-0.016308427392178082,-0.0029055431985840485,-0.0226873109464254
2021-11-24,0.02032657280002237,0.025255000189901233,-0.009338521400778177
2021-11-26,-0.006723537310744709,-0.003789669417007313,-0.011225482374312645
2021-11-29,-0.0011282226958774233,0.001901997473738204,-0.019551752282338963
2021-11-30,-0.04122477421548931,-0.01993355872696656,-0.03702288494459849
2021-12-01,-0.04149212180148376,-0.06150123395760443,-0.07085945135589455
2021-12-02,0.011607243413305213,0.015995943586963213,0.022658957288212545
2021-12-03,-0.02564796812791681,-0.036058962547675266,-0.06754221631748103
2021-12-06,0.029371054829851806,-0.009483683325451353,0.05621355830890851
2021-12-07,0.016689068813439345,0.03510637628702917,0.05945294139793078
2021-12-08,0.04997354355476258,0.01849951836014263,0.027277523112093638
2021-12-09,-0.03807607866736129,-0.03077702420504369,-0.06490421101220634
2021-12-10,-0.047643942513593274,-0.014055104803897489,0.011185357084039671
2021-12-13,-0.015551951911086603,-0.02851113517955406,0.031017911751856753
2021-12-14,-0.027261246770866387,0.013043466092057088,0.008813580011917344
2021-12-15,0.015162406976323428,0.01180264098212902,0.016565835264352957
2021-12-16,-0.01797981502161694,-0.027571603443017012,-0.026518003131751344
2021-12-17,0.04721403628254839,0.039258413705786976,0.008081304631030628
2021-12-20,-0.005988402563997575,-0.05771250851477083,-0.00016004670855773728
2021-12-21,0.09244505578687523,0.0523385624707684,0.031287920152591964
2021-12-22,0.007860075661389132,-0.001058225299859883,0.002801064599938563
2021-12-23,0.024339591931996862,0.0026483658173610536,0.028332036355668944
2021-12-27,-0.021980732721695095,0.0005282741004024594,0.028810597234182556
2021-12-28,-0.01657354197326255,-0.019535418627262935,0.013216774667978548
2021-12-29,-0.021449095060749768,-0.021540098282379683,0.0055307602750487295
2021-12-30,0.034509810011195574,0.02861862716457031,0.024857128416752916
2021-12-31,-0.004981766526674147,-0.02568225981108374,-0.005941890476344747
2022-01-03,0.017047991354738556,0.017572851085188246,-0.011465501874735273
2022-01-04,-0.03564307934313804,-0.019427986886747073,-0.06869021902580386
2022-01-05,-0.040320434581686215,-0.06659333994169625,-0.08997250079527919
2022-01-06,-0.019458654097172734,-0.012971658327264102,0.023980108964148927
2022-01-07,-0.005493394389443074,-0.01075270654939553,-0.061740384633648726
2022-01-10,0.014499694940114827,-0.003623156272787309,-0.02952930565929346
2022-01-11,0.04941135321258128,0.023636326645359862,0.10705289176280686
2022-01-12,-0.019197137732662184,-0.010065132175086755,0.03845402930872677
2022-01-13,-0.08206036337975275,-0.04246406182000084,-0.06598345224564062
2022-01-14,-0.005618887746232315,0.0,-0.007312065728723116
2022-01-18,-0.04766724784335841,-0.06495939706339793,-0.019586004262469148
2022-01-19,0.02099493660336771,-0.027388098870988475,-0.03616630351464911
2022-01-20,-0.0057368817274467965,0.004120842322335783,0.028625670504256018
2022-01-21,-0.03649303281045635,-0.07455541457729686,-0.035507782316175907
2022-01-24,0.006221831080769125,-0.009608286548899336,-0.02463522484938374
2022-01-25,-0.03586340117428277,-0.02537307526810706,-0.024332018692168833
2022-01-26,-0.03687669194242593,-0.023736631673538455,-0.02596716331219595
2022-01-27,-0.02522056596212996,-0.0368627660414752,0.01728094901646471
2022-01-28,0.015284782735874414,0.03501631225782953,0.05655416109099498
2022-01-31,0.10487799353471394,0.07867820590076047,0.07956100180469372
2022-02-01,-0.004110476563930154,0.0357403187275549,0.005344174729852824
2022-02-02,-0.07123748042791789,-0.061971839877542845,-0.04877385356431785
2022-02-03,-0.10007409635690923,-0.06531530822010001,-0.07653795235559291
2022-02-04,0.09730223628824763,0.039357411937750664,0.03559922196567222
2022-02-07,-0.005083762156943505,0.003091187260443773,-0.00018345978027511922
2022-02-08,-0.0076226843160593916,0.013097078758806724,0.015195993050362677
2022-02-09,0.045159098666288866,0.05475287360573167,0.07834456825033476
2022-02-10,-0.02035209698980267,-0.022350358219190958,-0.009512802410037824
2022-02-11,-0.041137719436287745,-0.031710935978565113,-0.02791297098978618
2022-02-14,-0.03172551706187421,0.00990099872870065,0.025589130887406997
2022-02-15,0.027881364882525128,0.06862743828842643,0.04583519237083733
2022-02-16,-0.23064965519104952,-0.014114312504467152,-0.031154474482267713
2022-02-17,-0.007747527856799663,-0.1574802982973057,-0.09945844378003266
2022-02-18,-0.02546112855119298,-0.06372132292529253,-0.08208055956733407
2022-02-22,-0.015095250932390503,-0.049001895925231964,-0.05270685178002599
2022-02-23,-0.037137485701631334,-0.00477091977523858,0.03684141926917017
2022-02-24,0.07983353028823914,0.13422814741774625,0.12277171491237704
2022-02-25,-0.0010205688263241752,-0.030431078529074673,0.0752716758104155
2022-02-28,0.03950060632470764,0.03312991330377302,0.013730562236922816
2022-03-01,-0.06409699311221806,0.02784809393104215,-0.0018905648042036871
2022-03-02,-0.016100773167176174,-0.009852207106110566,0.01456621900750199
2022-03-03,-0.06605003645064611,-0.059701512601746054,-0.03868876650353892
2022-03-04,-0.06665820032507264,-0.0335097098172612,-0.037364583048124955
2022-03-07,0.016460332598416505,0.013686096533594094,-0.09273715306482289
2022-03-08,-0.0009368267355545079,-0.006300602789141241,-0.04498519218679653
2022-03-09,0.07622230000945374,0.05525359228125026,0.07649924378272499
2022-03-10,-0.013318393622076541,0.018884143710947487,-0.05429752549660016
2022-03-11,-0.027500951147907737,-0.04043804101635173,-0.042521638286946994
2022-03-14,-0.026721982831139912,-0.07813874596101356,-0.010339951903730271
2022-03-15,0.03918435944607124,0.025714329310825956,0.0791755623102659
2022-03-16,0.08746953428305604,0.09470747082040076,0.12981701951126623
2022-03-17,0.018162529766470703,0.044953327793555875,0.0679572823667236
2022-03-18,0.02780031825524154,0.04058441658972245,0.03171210658910306
2022-03-21,0.013974955672901412,-0.017940682348782322,-0.026730713430648034
2022-03-22,0.04457043549875728,0.0540111435213928,0.05306626766496092
2022-03-23,0.011917376858711082,-0.006782226788487833,-0.0021562504489467393
2022-03-24,0.04984224963010275,0.015933234695336473,0.019786375686013047
2022-03-25,-0.041366159904901556,-0.03136669645444701,-0.056703106235652445
2022-03-28,0.013896163867694211,0.03469543562069832,0.05044033879057941
2022-03-29,0.08852015928326451,0.058122185434934526,0.025580303752967604
2022-03-30,-0.014200511587644349,-0.022535190079046807,-0.037126959342668076
2022-03-31,0.0031691331965713054,-0.010806957562523922,-0.01683679425403317
2022-04-01,0.025368576958687772,0.007283349220959856,0.029130397302195465
2022-04-04,0.022220121742656085,0.057845278029508895,0.033395149795977686
2022-04-05,-0.042378294640407765,-0.05058098190906557,-0.03704317356369735
2022-04-06,-0.054840248771383715,-0.06407489714358416,-0.04447732432382323
2022-04-07,-0.02583246819385432,-0.012307680570162294,0.007878247872471489
2022-04-08,-0.027346171168554645,-0.01090345340023513,-0.010518749395834526
2022-04-11,0.026943543537638837,-0.0031496033428162207,-0.0302464730746006
2022-04-12,-0.025821817441556982,-0.015797773434098383,-0.008625786355850318
2022-04-13,0.02480300341820252,0.035312967819921104,0.01771538905469061
2022-04-14,-0.06793386843442706,-0.03720926794035173,-0.06639668428764034
2022-04-18,-0.01571384831560274,-0.021739167158220996,0.00914807849827981
2022-04-19,0.06600998472825337,0.06255146113113774,0.056362317597271616
2022-04-20,-0.08762612709817463,-0.00929511130731242,-0.044402125439276574
2022-04-21,-0.023632115753633665,-0.035965601213366005,-0.06124094793444124
2022-04-22,-0.010611653278915667,-0.030008101204259452,-0.03371761828002939
2022-04-25,-0.00180768281285415,0.01254177408460233,0.0633790248789492
2022-04-26,-0.08113003829710963,-0.08175060274029777,-0.02119166170010134
2022-04-27,-0.004204436897359498,-0.050359664721725594,0.004804639207989014
2022-04-28,0.06636757776138724,0.03693175891583844,0.014891591926782022
2022-04-29,-0.0663202255702906,-0.050228328795904775,-0.06381730299729571
2022-05-02,0.05857405542766325,0.0326923235633676,0.029949747849072228
2022-05-03,-0.0040060053308342836,-0.01769083653933068,-0.006132852854198068
2022-05-04,0.03066870935496513,0.04075823163293357,0.026659583133024523
2022-05-05,-0.09646345929401678,-0.07832419786258815,-0.10749508791702445
2022-05-06,-0.028883783174841526,-0.0632411413596965,0.01569174738788348
2022-05-09,-0.10173731765534222,-0.21308012675418742,-0.16878874413131717
2022-05-10,-0.0009283237063819616,-0.022788213863893292,0.00447478209928831
2022-05-11,-0.09632958417377391,-0.0795610324747692,-0.12235939448749544
2022-05-12,0.08449015311221131,0.09388973336204298,0.06363288674973688
2022-05-13,0.12500006028282784,0.13623977918412256,0.09963624420985795
2022-05-16,-0.06335162215990198,-0.03597124523334372,-0.008994193690797236
2022-05-17,0.021595717378760648,0.039800957256530545,0.05974791824181924
2022-05-18,-0.07809752341485954,-0.04186596198193149,-0.10250576919955834
2022-05-19,0.09331217350701215,0.03745320626248505,0.06975846841424493
2022-05-20,-0.019079596826634293,-0.027677555270358645,-0.03233651792521741
2022-05-23,-0.0062360531323054635,-0.008663328649155755,-0.001740522888674656
2022-05-24,-0.071567322481499,-0.05742821785302077,-0.09613845229881357
2022-05-25,0.02124235126793561,0.05430461417938104,0.0330637772308322
2022-05-26,0.01654590398528266,0.05025120811725392,0.08359613062435156
2022-05-27,0.03565331493101209,0.05861252929611194,0.035739814041591655
2022-05-31,-0.05687770357614319,-0.019209047340822072,-0.03149955324077014
2022-06-01,-0.02586886679634981,-0.02534565199238814,-0.03008094683864948
2022-06-02,0.06288688055529268,0.09929079773052574,0.09773824642432172
2022-06-03,-0.0935008993540859,-0.03870974225465218,-0.05717423139643685
2022-06-06,-0.010821768621128158,0.004474268873658316,0.019127855689344386
2022-06-07,0.026666690141726734,0.01670385076291825,0.025734154271466414
2022-06-08,0.05128201708178959,0.005476472081942019,-7.275253325722542e-05
2022-06-09,-0.04339559534773674,-0.054466229126168386,-0.09241835320986358
2022-06-10,-0.04586093357260668,-0.04838710386260059,-0.07578729939261697
2022-06-13,-0.05379146679442781,-0.07506057448138481,-0.09361129952935099
2022-06-14,0.01943886662424532,0.02356024978028981,-0.0168117810098245
2022-06-15,0.11045150877486742,0.03836313392739599,0.09132053179402755
2022-06-16,-0.05750849284603665,-0.05541869650336251,-0.08917925049674025
2022-06-17,0.03867308333100561,0.07431547446602327,0.0367552767217576
2022-06-21,-0.004467987032933163,0.057038868942229426,0.03381512309842849
2022-06-22,0.013630314110771868,0.03444319051905387,0.03152126057903182
2022-06-23,0.07658251916528824,0.04994448366634319,0.0313551660302156
2022-06-24,0.04935259388367785,0.07716697032691777,0.058427811846362365
2022-06-27,-0.008274055739211805,-0.05593716568168672,-0.02995432309507806
2022-06-28,-0.03688519693095538,-0.03222447709253451,-0.07292523140153329
2022-06-29,-0.008054808269150171,-0.008593004701890727,-0.007323300928101517
2022-06-30,0.004289971243949031,-0.017334762226146716,-0.03523549845269369
2022-07-01,0.04057964773265588,0.022050801507036866,0.03623976206572088
2022-07-05,0.05776282794736409,0.0862998055615567,0.08124857053622803
2022-07-06,-0.03270964047734737,-0.026812265369593802,-0.01264069318870864
2022-07-07,0.01518838722866267,0.03877552112704841,0.024228241600984468
2022-07-08,-0.004939992683965055,-0.000982340725152242,-0.018001150636444696
2022-07-11,-0.09106380381482715,-0.0599803001082706,-0.06873830015243498
2022-07-12,0.01326464497242208,-0.007322243245397431,-0.009531425309483477
2022-07-13,-0.007084538461583634,-0.0221285609285351,0.003243417684853034
2022-07-14,-0.06731813355688587,-0.04094828937233741,-9.149456133239475e-05
2022-07-15,0.014967531934052758,0.01573037632847374,0.05231128683563213
2022-07-18,0.010322809777426167,-0.0011062200137206268,0.0026812513910026148
2022-07-19,0.024002587510522755,0.03433005855856197,0.047568761371198365
2022-07-20,0.05812477358919632,0.08244105904816368,0.07579164218803891
2022-07-21,0.005687844584625568,0.03758656056827303,0.012210162657346535
2022-07-22,-0.059383859703626585,-0.061963740010738566,-0.03203247453858793
2022-07-25,-0.04920886982291417,-0.016260146842582146,-0.001492242170362701
2022-07-26,-0.06157431774910893,-0.028925689857240422,-0.045871745359910454
2022-07-27,0.05018623624199203,0.0659575387653406,0.08777258111736796
2022-07-28,0.008949658364944213,0.010978009146897394,0.015258905036967585
2022-07-29,-0.00702925805766208,0.021717696401126974,0.01239194024591761
2022-08-01,0.021405639707930302,0.011594191414130428,0.00031946113904135487
2022-08-02,0.020792114982784105,0.04297992337996748,0.029018338516763942
2022-08-03,0.06450044979633973,0.025641001008694042,0.06361103469885565
2022-08-04,0.0367501628704876,0.01071427567880967,0.16159480252622394
2022-08-05,0.023729351490257677,0.011484109359151118,-0.009682651146994847
2022-08-08,0.0370582914566282,-0.14235809096887064,-0.0005464998992286141
2022-08-09,-0.051186624476229126,-0.05804477724420354,-0.02806931901391263
2022-08-10,0.11894722559944326,0.036756773252744956,0.06904066345429438
2022-08-11,-0.015334637452545596,-0.0177268064222158,-0.029843182722249617
2022-08-12,0.021644543905269487,0.052016960419276614,0.04708125827471621
2022-08-15,0.008009237667701896,0.0,0.0014615737866108258
2022-08-16,-0.039984559348927085,-0.017154397468365112,-0.026702781359794203
2022-08-17,-0.029902621594678824,-0.0318274613169518,-0.053001163070877766
2022-08-18,0.002201784314586064,-0.029692542691841295,-0.020422892458369257
2022-08-19,-0.04627217715028342,-0.06994529140223482,-0.06931828342310364
2022-08-22,-0.03340051433059754,-0.05170393915670091,-0.03481135966650717
2022-08-23,0.0010425930214561507,-0.007434878340932816,0.01019252115176128
2022-08-24,0.00937356438029635,0.011235973784791575,0.012355724932522127
2022-08-25,0.03213444019539535,0.03950613330294139,0.023585737946304253
2022-08-26,-0.08469009696479313,-0.05700712763945226,-0.04501839162355259
2022-08-29,0.009986067336761328,-0.016372810264994708,-0.0029961322845595273
2022-08-30,-0.0026263832770470064,-0.0025608170388021767,-0.014934250007933025
2022-08-31,-0.01967157204294767,-0.008985901412601027,-0.00781810744141831
2022-09-01,-0.01690629924705389,-0.029792749394333407,0.004009998988170338
2022-09-02,-0.016714897060807088,-0.012015978438046915,-0.0033535613555107924
2022-09-06,0.03301733324105238,-0.016216200542241155,0.002360084114721328
2022-09-07,0.029588590337190857,0.015109842514708038,0.034688156399343306
2022-09-08,0.014599615071425154,0.01894456642112674,0.0392591732362535
2022-09-09,0.07088761804212074,0.034528518565777766,0.052518062480751526
2022-09-12,0.031117463544549917,0.028241369461634358,0.03194679640699749
2022-09-13,-0.0037037622333256914,-0.06616731518899543,-0.057993418015010345
2022-09-14,0.009362526929515669,0.020053488634350414,0.017406496716620312
2022-09-15,0.04160418978762159,0.049803421853390484,0.005675145116828428
2022-09-16,-0.03496592650083563,-0.028714108926510384,-0.048323678818757654
2022-09-19,0.15700908279958292,0.01028276626589264,0.015221236258274207
2022-09-20,-0.03424824918106606,-0.030534382172842545,-0.029375172930766857
2022-09-21,-0.016638270319634052,0.009186374371741968,-0.020084137389584367
2022-09-22,-0.06360382176407953,-0.04161250575816522,-0.04225352112676062
2022-09-23,-0.041545786580818755,0.004070584840460079,-0.04116469439338233
2022-09-26,-0.0068804185027993015,0.017567582806154336,-0.018932273825960078
2022-09-27,0.0015241875175617814,0.013280199448375996,0.006390836742219852
2022-09-28,0.06986722657782174,0.04062908756617434,0.07524635276847214
2022-09-29,0.03982932572255282,0.017632224871117375,-0.04109842120099105
2022-09-30,-0.027111058399354793,0.006188142476111436,-0.002289995414712531
2022-10-03,0.005624374193162085,0.013530092881777422,0.06586285796530222
2022-10-04,0.06876832068168204,0.026699062274240237,0.07474783307206212
2022-10-05,-0.002497610369878611,-0.004728127857288822,-0.01528077008634321
2022-10-06,0.012400153588521645,0.005938264879074673,-0.0049049188677434685
2022-10-07,-0.058532575743144855,-0.03778047678985352,-0.05078671819602154
2022-10-10,-0.05816864378115605,-0.011042847009335666,-0.010646395936922404
2022-10-11,-0.009164596002335101,-0.0024814462434759044,-0.04346779020972569
2022-10-12,-0.027747985752872406,0.003731310088747497,-0.016797008138727865
2022-10-13,-0.0024817359465771904,0.001239185781908958,0.001718117471010805
2022-10-14,-0.026814026992766804,-0.06806927216472503,-0.0792886077285806
2022-10-17,0.05212324922687506,0.05444884940083483,0.12390335014364484
2022-10-18,0.02429799376177555,0.027707781940327303,0.0030917228573603683
2022-10-19,-0.04177646657469436,-0.03063725547486207,-0.04434596303098726
2022-10-20,0.09310967346589716,0.01643490732600328,0.006156059134154734
2022-10-21,0.004151914792683176,0.03109452751071662,0.029775682941816317
2022-10-24,-0.01879463783843316,-0.00241248542598127,-0.020996627715609284
2022-10-25,0.09781642064766949,0.04715832745599369,0.0432927108675949
2022-10-26,-0.034314348444214104,-0.010392627502734397,-0.03431172156249784
2022-10-27,0.003974968012507629,0.0035006636772259014,0.004151893579575461
2022-10-28,0.02183562961179053,0.004651158148692103,0.05369134614676274
2022-10-31,-0.012563105762920634,0.0173610662696555,0.02253472652927413
2022-11-01,-0.0030915831266093985,-0.015927229116078467,0.019653547874099786
2022-11-02,-0.05665553682584412,-0.04971090988030891,-0.07403136551270117
2022-11-03,0.015678411310913187,-0.017031671383796465,0.02302412239381013
2022-11-04,-0.12423755918645374,-0.018564368413834242,0.07772598068836678
2022-11-07,0.004122259016594354,-0.11475408160289446,0.002354669289887923
2022-11-08,-0.01316534984727169,0.02706553529012723,-0.003932919589924366
2022-11-09,-0.0027256124501738865,-0.031900141172897745,-0.04210955441692332
2022-11-10,0.20382633030165853,0.09455585180638959,0.04223394575199735
2022-11-11,0.015533461398491877,0.10078533957890157,0.04207239117823369
2022-11-14,0.022708558109030497,-0.03686081707097466,-0.01570433313353281
2022-11-15,0.049700871903235466,0.029629599977206045,0.0636736639965032
2022-11-16,-0.045046040186105696,-0.033573108854717204,-0.046890294406667365
2022-11-17,-0.005508960664178497,-0.054590634137776095,-0.046966553008175094
2022-11-18,-0.018003521760151076,-0.030183729990517105,0.037696991816642766
2022-11-21,-0.015630441402051276,-0.027063574137823232,0.0009874565422374193
2022-11-22,0.0010744548184735692,0.004172424580312084,-0.006095403023548052
2022-11-23,0.012045344718070394,0.020775637081209553,0.00550589209652852
2022-11-25,0.017676172392308676,-0.012211625121878122,-0.011283922398728663
2022-11-28,-0.026401097304109777,-0.016483565788166232,-0.03176853015129766
2022-11-29,0.0055899287638874195,-0.01117317394007622,-0.03481886833825376
2022-11-30,0.07025422350813537,0.05932204531353924,0.04692663564141197
2022-12-01,0.007183131188238878,0.04800001780192065,0.010762757533759881
2022-12-02,-0.018652588979886198,-0.025445328588419525,0.004314510490281531
2022-12-05,-0.04326926029678202,-0.061357676181995946,-0.0668415910150505
2022-12-06,-0.04674535484709064,-0.0278164512532163,-0.021328945501607355
2022-12-07,-0.015692028737105623,0.011444978993241817,0.0008341779892280243
2022-12-08,0.044463814349438024,0.007072095146209323,0.02365102595886026
2022-12-09,-0.01335562530921064,-0.0014044595794108217,0.013842384838453903
2022-12-12,0.01220693935590167,0.025316431077146984,-0.01810411924677191
2022-12-13,0.02220896251166038,0.028806589745659306,-0.010905964880360663
2022-12-14,-0.009578316656676522,-0.020000012715657545,-0.0038477419481476316
2022-12-15,-0.04104261492343386,-0.04625845988602484,-0.03713820061206874
2022-12-16,-0.0051653939436248075,-0.0156918872928411,0.010645503271972112
2022-12-19,-0.02657932429350518,-0.07971017146856652,0.047738145447624
2022-12-20,0.01727204276414307,-0.006299206685632552,-0.009454178251062317
2022-12-21,0.013608039800866223,0.030110944365042913,0.027616996247415315
2022-12-22,-0.03140784548686415,-0.02769228128286505,-0.029818871845697426
2022-12-23,-0.03013736984964932,-0.004746868511629088,0.005794376820200231
2022-12-27,-0.03802273533662215,-0.04610492267278066,-0.027347685730655713
2022-12-28,-0.028622134726762782,0.011666695276896233,-0.01724216396959577
2022-12-29,0.06229833942104168,0.05436571900717646,0.03181393063073257
2022-12-30,0.014793326642791316,0.003124996973201677,-0.023133442287438744
2023-01-03,-0.01718078437283954,-0.004672929821157856,-0.023787584036577214
2023-01-04,0.03575681197003577,0.029733968887382112,0.013714901515228695
2023-01-05,-0.04206624413809157,-0.03951364058652418,0.022270281285455384
2023-01-06,-0.004004210220170945,0.012658215432457043,0.020301537574844764
2023-01-09,0.03283297853207867,0.015624984866008385,0.02729347047418007
2023-01-10,-0.002854563663867493,0.030769201425405734,0.02058378017467155
2023-01-11,0.016395603919950208,0.04179107728050213,0.022953064954072566
2023-01-12,0.04647288727503729,0.004298024316099047,0.09341382572703538
2023-01-13,0.01663812877287052,-0.007132694593768751,0.057218988391099845
2023-01-17,0.011432064922751728,0.015804616797630233,-0.011930745965548883
2023-01-18,-0.013563347391509661,-0.02404527187642158,-0.0010093047240069541
2023-01-19,-0.012423186143967424,-0.02463769187598719,0.003573650162797426
2023-01-20,0.04518813753968787,0.043090633139842405,0.023631053020032322
2023-01-23,0.03341902955316067,0.05128207044053168,-0.0028139459575192705
2023-01-24,-0.018091429888592248,-0.04878050513982635,0.013616469570490786
2023-01-25,-0.015660905553995574,0.028490001397228015,0.01867717187012463
2023-01-26,0.023865152152773517,0.0027700805412327334,0.051245259901991025
2023-01-27,0.008569470164158322,0.04281773886973794,0.027503461849611055
2023-01-30,-0.028888586375216296,-0.02384109942098711,-0.04869518595564215
2023-01-31,0.014699044777033432,0.05563098108761566,0.017119893047161883
2023-02-01,0.04058402670796735,0.05398452289593614,0.02758769158807839
2023-02-02,0.07082085826345352,0.09634146100350027,0.010121072064196435
2023-02-03,-0.06685922255429178,-0.0645161221882784,-0.032064730766670047
2023-02-06,-0.019460438840332106,-0.011890538598069211,-0.009947406690882343
2023-02-07,0.024695561951621148,0.0024066790709353914,-0.0013866151345427458
2023-02-08,-0.026961643045937622,-0.013205241018574565,-0.005886841852391189
2023-02-09,-0.016512091322180455,-0.032846769950442556,-0.01992458609440395
2023-02-10,-0.026333957447525314,-0.05534586049555801,-0.03383908749708209
2023-02-13,0.011101954195518404,0.013315566123152767,0.006669980942911602
2023-02-14,0.015418755816065444,0.21156374576446746,0.01797154889775987
2023-02-15,0.047049307759488235,0.09652921517053747,0.02410109915130465
2023-02-16,-0.04900021148058786,-0.03956475095091516,-0.03446012571473922
2023-02-17,-0.013401063602498708,-0.05252319535306227,-0.01676433432681812
2023-02-21,-0.05304448124540306,-0.07934777797507775,-0.0013989290918371422
2023-02-22,0.12402619560589523,-0.0129870846379736,0.01721962874447125
2023-02-23,0.021342076781587282,-0.02272722346723366,0.016096435393207598
2023-02-24,-0.03813004551668686,-0.009791912234882627,0.018147250576424634
2023-02-27,0.007838711358570505,-0.007416615387517145,0.022569311632460343
2023-02-28,0.005888875325520848,-0.02366121876731353,0.03128514194637644
2023-03-01,-0.029603450141531096,-0.01913266485306364,-0.009245925653176279
2023-03-02,0.02515650680544601,0.03641088828189121,0.008107790940546922
2023-03-03,0.04330448180771418,0.04516940313567397,0.006745864303720817
2023-03-06,-0.004257146975057857,-0.006002423912702559,0.02406379490865862
2023-03-07,0.01694099108414382,0.0,0.006885536709615003
2023-03-08,-0.02212408220934503,-0.018115896541997523,-0.009755704008331145
2023-03-09,-0.03589858055050543,-0.05412054748177786,-0.04054057609876882
2023-03-10,-0.03667774133851054,-0.04421328349258602,-0.028083108449066474
2023-03-13,-0.0034718555612023305,0.07074829764266632,-0.0048886021170948535
2023-03-14,0.03135520763098931,0.002541293674376277,0.04527974574573923
2023-03-15,-0.019141954678251083,0.0012674561534928852,-0.021399882165612727
2023-03-16,0.03363563637522926,0.010126572498773356,0.021682840586614294
2023-03-17,-0.008662802880562426,-0.012531316340044119,-0.011187551187551215
2023-03-20,-0.009858893813036396,0.0253806860863639,-0.0153186729717949
2023-03-21,0.0681150085940756,0.04579206547682424,0.03184954043146271
2023-03-22,-0.023305132860973576,-0.028402340418400063,-0.027687220666472556
2023-03-23,0.051410039588449585,0.014616307551950536,0.004146232545163331
2023-03-24,-0.023416589800820398,-0.01560625637834101,-0.0035835838666193887
2023-03-27,0.008978541148846553,-0.019512176967531936,0.0037986066086665993
2023-03-28,-0.02324113975426667,-0.004975119657066318,0.0041533751832401045
2023-03-29,0.02004281946432651,0.027500033378601074,0.02351389180445662
2023-03-30,0.00924666281121822,-0.008515893701283028,0.03422379643573592
2023-03-31,0.03904216429831098,0.036809841076896,0.04046416781641571
2023-04-03,-0.015230503266344009,-0.008283987740149601,-0.0033534465417518478
2023-04-04,0.015567753340460788,-0.003579920353401156,-0.008936991948678474
2023-04-05,-0.03496641568116177,-0.044311418621889254,-0.03982638805869387
2023-04-06,-0.030315595703871434,0.013784477851063404,-0.004039877309599871
2023-04-10,-0.012098553151515756,0.03708284117138083,0.005317265154367368
2023-04-11,-0.024168156591199308,0.02622160957711772,0.026717425102681824
2023-04-12,-0.01432697581531106,-0.03252029548619617,-0.022582617315961673
2023-04-13,0.02929575745488555,0.03001200507679891,0.03190977580985632
2023-04-14,-0.014997210071936773,0.026806584843336312,0.004444040511159875
2023-04-17,0.009779920211018256,-0.0011350997055084022,0.009878011263196429
2023-04-18,0.01771957516548972,-0.007954618975149041,0.005118868003361143
2023-04-19,-0.017411058603848062,-0.027491384158387255,-0.00997368985510294
2023-04-20,-0.01584858498495534,-0.04004713330435239,-0.011098471361636886
2023-04-21,0.015768325777030245,0.0036810660183710375,-0.009159259688387933
2023-04-24,-0.02856986863800648,-0.009779941408490589,-0.006474700873371431
2023-04-25,-0.016376717683783792,-0.04444451770337343,-0.03460211559022164
2023-04-26,-0.009332844222252334,0.0,0.004944862602772604
2023-04-27,0.010700141114510897,0.010335969368078679,0.0075184634767597736
2023-04-28,0.0037974893585750458,-0.00895142840470109,0.026162279615841166
2023-05-01,0.017310494654657393,0.003870994813980566,0.01108426233311599
2023-05-02,-0.04766729580084961,-0.02442160052655573,-0.027801674990079128
2023-05-03,-0.10827122582637105,-0.0039525967332320056,0.019311322557684862
2023-05-04,-0.00039807297046057233,-0.023809501283202916,-0.052039458011203465
2023-05-05,0.02017783892366487,0.0040650044046055545,0.024897361762952208
2023-05-08,0.01405337478852875,0.04453440357644611,0.03289672263695209
2023-05-09,-0.04863340049641485,0.23385019032826349,-0.028376762298073177
2023-05-10,0.04545458287463311,0.04083763160830123,0.032747080259772465
2023-05-11,0.0016771674601361308,-0.006036163830508867,0.0058963902544912905
2023-05-12,-0.019319938328077768,-0.038461549599123734,-0.012996309607335998
2023-05-15,0.0273181225075958,0.0021053113435443027,0.013386267002077679
2023-05-16,0.04129373148979387,-0.00525212062296565,-0.016509896185641804
2023-05-17,0.01325969148582029,0.08236533378851885,0.03509515462057555
2023-05-18,-0.022294879014977065,0.14536583132860148,0.009347396577740863
2023-05-19,-0.032222159187609956,-0.0025553435737702968,-0.016217746857341453
2023-05-22,0.010628785631687343,0.011101632281590446,0.021924196057093948
2023-05-23,-0.017105911118131645,0.06756758280615438,-0.02970248220206595
2023-05-24,0.009024067951477477,-0.03243677135681522,-0.012078465416759832
2023-05-25,-0.016225842564654203,0.049877402549765026,-0.026648369380830594
2023-05-26,0.008441578258167715,0.06308406980658243,0.02588184325375753
2023-05-30,-0.0350289912073809,0.07765571056703302,-0.025377098883749616
2023-05-31,0.01721608047875911,0.0,-0.008577898212744128
2023-06-01,-0.0028863974964535855,-0.011556769262616506,0.015351105352098493
2023-06-02,0.00710527520430726,-0.0013754817153938115,0.010055503265183452
2023-06-05,-0.012150513379300398,0.049586728006576486,0.01481104113435161
2023-06-06,0.024203171753501396,0.014435713276435669,-0.027173564221410706
2023-06-07,-0.04455067754223163,-0.049805980327537136,-0.03679693403969886
2023-06-08,-0.006217044164801955,0.034036760672729205,0.0012000025862994868
2023-06-09,0.003943980964800309,-0.011191515952322262,-0.0009836340171076596
2023-06-12,0.03373066748934317,0.04194401741452425,0.024492138835821686
2023-06-13,0.0687983248324553,0.022364242172588256,-0.02312321149964136
2023-06-14,0.04561060976038678,-0.005625009536743164,0.0019180718397382446
2023-06-15,0.045379957809304594,0.043368984329050786,0.009844578531342574
2023-06-16,-0.046326470130386044,-0.018072357681633844,-0.023721801346297533
2023-06-20,-0.0633968431247639,-0.031288300556969184,0.0025110065993618758
2023-06-21,-0.006027825494097416,-0.0728308816534865,0.010987388153510969
2023-06-22,-0.0021477974184211934,-0.040300555925668946,0.025278705701880178
2023-06-23,-0.01759948037430592,-0.0014235201062033909,-0.0120981864125973
2023-06-26,-0.0190745688541335,-0.006414836372119481,-0.05787244986417395
2023-06-27,-0.00919717438744816,0.0480631346099023,0.0056944171829564905
2023-06-28,0.036334673527489425,0.04585900698414691,0.039239625955937774
2023-06-29,-0.013307752977880005,-0.005235597192677299,-0.030007694021345177
2023-06-30,0.014654354097700217,0.008552639215276603,0.011225425722121374
2023-07-03,0.00038341999125690585,0.012394033594468779,0.007724147056086705
2023-07-05,-0.004727164086575697,0.01159789601754957,0.04490888825261785
2023-07-06,-0.014120647658211749,-0.03630571348719647,-0.0751747856532542
2023-07-07,-0.008593797342228982,0.013879711603342004,0.00019936067022441328
2023-07-10,-0.00945628088356687,0.06258142600544248,-0.05778191137137567
2023-07-11,0.035269208786651074,0.011656475027656654,0.03166989915598961
2023-07-12,0.0017930249278343968,0.0060643046002264445,0.01743081152849335
2023-07-13,0.023011958505145813,0.009041568242955877,0.0048986231160284
2023-07-14,-0.007997993207912613,-0.020310642606728102,-0.009592577334512797
2023-07-17,0.04686320671978783,0.060975611174411526,0.038257734620346096
2023-07-18,0.046931427165951556,0.03908047816573568,0.025009107368184402
2023-07-19,0.06126438886269758,-0.0016593300205810513,0.014139597022343242
2023-07-20,-0.08458794577172235,-0.05096953546707006,-0.02236184717902301
2023-07-21,-0.010648295459417811,-0.040863916514021215,0.018934579604903856
2023-07-24,0.00203298449368039,-0.006695107018160562,-0.018508943304982872
2023-07-25,0.01408282960117635,0.0140931094691914,-0.013843184121804852
2023-07-26,0.02906909715450623,-0.0072506910825742565,-0.004746823185716731
2023-07-27,-0.018069553830507346,-0.01704203782377911,-0.005381563265514533
2023-07-28,0.03296065468130793,0.1027863706886687,0.04711513288906377
2023-07-31,0.06347950274482717,0.1139809515731558,0.010636584781578362
2023-08-01,-0.011344356427971158,0.007560464585516069,-0.02233352717867476
2023-08-02,-0.05083107628707273,-0.05102553624024464,-0.0376652056351221
2023-08-03,0.12936387608056865,-0.013705863905793647,0.13590192288425507
2023-08-04,-0.05752300973053115,-0.027258062345735135,-0.020368640151040895
2023-08-07,0.007005664669602618,-0.01153851555044505,0.04833509964972227
2023-08-08,-0.0407926914150053,-0.052807052122145426,-0.02240936696752205
2023-08-09,-0.006483476240556341,-0.10504699644095927,-0.011819048559882583
2023-08-10,0.01847138702910156,0.010491793272925154,0.056678821992593775
2023-08-11,-0.024761063574696096,0.0,-0.041137410193758606
2023-08-14,-0.005790693260458224,0.02011683469735792,-0.02517291764567664
2023-08-15,-0.003024155989672983,-0.02226465493157903,-0.008083161317122611
2023-08-16,0.0061790294254966405,0.005204939772395001,-0.030014693542814386
2023-08-17,-0.026797610115098514,-0.08414240820606822,-0.04078744084075314
2023-08-18,-0.0014915658254959219,0.01766784499927554,0.002532181485418672
2023-08-21,0.01413309633673343,0.00694447111936336,0.024108274301491095
2023-08-22,0.025152970393956364,0.011724143192685776,0.011574973415021672
2023-08-23,0.012046820263596825,0.042944792853748526,0.012987547497928409
2023-08-24,-0.010593002336309443,-0.07581698254582792,-0.03460241064795777
2023-08-25,0.020750606120037762,0.02758128572695573,0.018538402662964915
2023-08-28,-0.0007569170878384268,0.007570585848116096,0.009387316162059012
2023-08-29,0.015799145402169312,0.051912517580926965,0.04417914536514611
2023-08-30,0.028656596711452265,0.06038963170211664,0.02948658631005996
2023-08-31,0.02288731504090613,-0.08266995638560581,0.021762584680922403
2023-09-01,-0.013263112312616565,0.013351186184989317,0.03590896690583034
2023-09-05,-0.022881138400239753,0.0019762669544192146,0.009432791734554247
2023-09-06,0.0173264080470521,0.0059171697805502355,-0.006327359894113038
2023-09-07,-0.025598635403053405,-0.005882362840909705,0.007279259098067925
2023-09-08,-0.014089002219878966,-0.0052596925381599435,-0.005681090485178397
2023-09-11,0.01729881396401356,0.04362193274421511,-0.0036829048733766356
2023-09-12,0.002851675561851952,-0.01266623240964626,-0.016719050244568656
2023-09-13,-0.023064717034224858,0.0006414514935189075,-0.0012007759719170341
2023-09-14,0.009594646066753532,0.014743560039237602,-0.010039577246385267
2023-09-15,0.017832334668823613,-0.031585597120011966,0.009563172661502861
2023-09-18,-0.006504435045814438,0.008480111877879892,-0.00925783898336563
2023-09-19,-0.004857435050648062,-0.02005177353504428,-0.029695075195518172
2023-09-20,-0.002016074027148984,-0.027062696880244763,-0.01214029721316856
2023-09-21,-0.043806513693728455,-0.05020351306708526,-0.0249256882665001
2023-09-22,0.00044480057146234486,0.009285722460065537,-0.01261912964684675
2023-09-25,0.004001340507581608,0.006369437498865205,0.010626855010718028
2023-09-26,-0.02136610501553493,-0.01828412264412438,-0.016977546963106938
2023-09-27,0.00305426061545222,0.06375360608099911,-0.00953790388966691
2023-09-28,0.02729218697325808,0.061952865499043996,0.014022852675089625
2023-09-29,0.007794562986186415,0.014584624956247128,-0.004913125475736857
2023-10-02,-0.011546897088779429,-0.007499992847442627,-0.006680419811421978
2023-10-03,-0.03570639122819719,-0.061712877131496646,-0.024717926678334723
2023-10-04,0.013028564453124947,0.05570469429232938,0.0026704246740480997
2023-10-05,-0.010943154641045783,0.005085879193166054,-0.013949830210111314
2023-10-06,0.030227005603127743,0.05060089623667818,0.019063245706434806
2023-10-09,-0.031000919632623414,0.06020469375400195,0.0006868322915933867
2023-10-10,-0.004113265479490313,0.01078924589004826,0.01609364947136993
2023-10-11,-0.015374069653322997,0.006741620470609444,-0.011412216984042378
2023-10-12,-0.011768843391074757,0.001116096968667435,-0.011246425325388332
2023-10-13,-0.020516423934187622,-0.03232998363656525,-0.005252171731326971
2023-10-16,0.026483651815629727,0.0,0.0022067439083570672
2023-10-17,0.004456489946905506,0.027649742244254982,0.011784434690588208
2023-10-18,-0.016812637662022234,-0.03587440494251337,-0.02333460095312545
2023-10-19,-0.001543727049415633,-0.008139609929479152,-0.026194595620539718
2023-10-20,-0.010941938022241082,-0.055685749433189824,-0.00872056453848824
2023-10-23,0.016714758639215566,0.005586601438739791,0.008942659506110395
2023-10-24,0.027321081906758415,0.027160407776990025,0.035470655926352235
2023-10-25,-0.05871515586327658,-0.06310091800326267,-0.02537664793774408
2023-10-26,-0.02323876560953453,-0.019243116600294874,-0.01341750552554255
2023-10-27,-0.020285533861767124,-0.014388506708808757,0.021659532912233992
2023-10-30,0.011375248133289828,-0.025215668356743826,0.021483643726524226
2023-10-31,0.00973087702751907,0.0074881288967805215,0.011824765229870415
2023-11-01,-0.021276652630427106,0.008108100271120522,0.04776989538320109
2023-11-02,0.040792871686652354,0.20442354031261845,0.01499218474316888
2023-11-03,0.07703654404079519,0.051196444710503775,0.051754482048124384
2023-11-06,-0.010609174838282276,-0.018528241685009772,-0.009381836707839097
2023-11-07,0.023982406562352176,0.014023641245640484,0.005782749884657656
2023-11-08,0.011597779615040826,-0.016489333963975894,-0.011123007701256848
2023-11-09,-0.03550751271197816,-0.011898286429302019,-0.018985739893827902
2023-11-10,0.030467389996063465,0.0766283296908925,0.0246089919675736
2023-11-13,-0.02407886105761059,0.0020335032040450507,0.002837640242213224
2023-11-14,0.06219874003796666,0.011669277537722067,0.037887504968580066
2023-11-15,0.03197924765068061,0.0005015159786356804,0.008416605951937939
2023-11-16,-0.013923725381084329,-0.009022571342962693,0.01871685493472741
2023-11-17,0.02760376267893716,0.036418780813520346,-0.014664385772577004
2023-11-20,0.015497468600182307,0.04148366964200023,0.02347375016186115
2023-11-21,-0.0164818672448106,-0.07216499083954264,0.009102618994236034
2023-11-22,-0.0008275766273924123,-0.005555490264718799,0.019739494955992143
2023-11-24,-0.003934126388085435,-0.024885716497092814,0.006885245901639303
2023-11-27,0.018657085396802664,-0.006250043461718424,0.04149134544936506
2023-11-28,0.012805519289667888,0.03301882407157963,-0.0063281216127836215
2023-11-29,0.028712456304500034,0.006595691230531164,0.013523457259565275
2023-11-30,-0.005973955603813086,0.010584631192417815,0.006134439240765621
2023-12-01,0.04137928027824822,0.01097262987903136,0.019469810787470454
2023-12-04,0.0017975633575399996,-0.09225460271349739,-0.03170683263005403
2023-12-05,-0.0040608207352376136,-0.005434803453420622,-0.009395941093250593
2023-12-06,-0.018869693543004495,-0.06393443306404623,-0.009686971994469218
2023-12-07,-0.01034115861796403,0.0052539496203840574,0.013821852098932608
2023-12-08,0.007617175465566284,0.031939672842068,-0.008146103193590437
2023-12-11,0.01027328508876324,0.0,0.023270238632696172
2023-12-12,0.03184957562223967,-0.015194172808572382,0.0013749258937094666
2023-12-13,0.028170312830718247,0.021142905099051257,-0.0029438745493007845
2023-12-14,0.013292352557927156,0.01902620197380145,-0.005365487439628724
2023-12-15,0.002587907565995584,-0.000549056674128523,0.001671290870842057
2023-12-18,0.02207390645852869,-0.01978025248683668,0.008330275603082082
2023-12-19,0.034485753037772016,0.006165953442304417,0.006433833851503534
2023-12-20,0.009091689727510621,-0.03899725533074694,-0.019969477741053288
2023-12-21,0.012179853599897372,0.019710153773210948,0.0005571506166635043
2023-12-22,0.012033289890703402,-0.010233104241860858,-0.005787290643561871
2023-12-26,0.014903508570812907,0.015508354975879435,-0.007828392371857396
2023-12-27,0.01019095341900278,-0.01187788394776279,0.009031858954531291
2023-12-28,-0.006831365593145566,0.005151697545808798,-0.005833267919888474
2023-12-29,-0.016076158968684973,-0.02220953311558127,-0.0063606074094118
2024-01-02,-0.040806346773293756,-0.0343622684895899,-0.026967181127688145
2024-01-03,-0.005084732831534655,-0.029553665462782264,-0.019069314870846954
2024-01-04,-0.004258943726587416,0.00994405505871776,0.012920003255208368
2024-01-05,0.010265157678176262,-0.01661541278545675,0.012801242025937576
2024-01-08,0.019983070625260835,0.04317900837443056,0.02389479057551136
2024-01-09,0.01452764414162755,-0.016796681785484213,-0.0014343804269129068
2024-01-10,-0.0002454691066329229,0.02440521908326243,0.01577540067536143
2024-01-11,0.025208723386491938,-0.006551554756011657,-0.004054650554489725
2024-01-12,0.0005588351718859297,0.004796158407816664,0.04203099874737748
2024-01-16,0.006143753545175601,-0.01372312285771804,0.008495272018203659
2024-01-17,-0.007692317465826104,-0.008469527597187332,-0.02235349092535066
2024-01-18,-0.002397470062719842,0.0006101421143525076,0.016327448934452704
2024-01-19,0.01858527325797943,0.023170797375255514,0.038634617559827555
2024-01-22,0.012583550569564395,0.0488676794558669,0.01744310211734046
2024-01-23,0.002174747800363974,-0.015340934767702818,0.002055449098217199
2024-01-24,-0.004107562460753278,-0.033467970355421706,0.001585261142901473
2024-01-25,-0.012529187629195082,-0.01731348749416972,-0.013558690081009517
2024-01-26,0.013555057364461165,-0.006682789132515521,0.03278122751285606
2024-01-29,0.002410369000253265,0.04525992378305044,-0.010229421214892565
2024-01-30,0.00232704821609353,-0.02047983489436811,-0.023702763883649336
2024-01-31,-0.018108682442190327,-0.03882912947536177,-0.013536558274310106
2024-02-01,0.0022856314770256514,0.014916082588076529,0.02130491669916057
2024-02-02,0.004560838557881919,0.04225355402824915,0.014082409399305051
2024-02-05,0.0014872989542562554,-0.01762638873915745,0.001043474285330248
2024-02-06,0.009926561264859801,0.30801445797701255,-0.036264254318389866
2024-02-07,0.030570364081702772,0.07910377118654788,0.002034612245713552
2024-02-08,-0.016671681883820955,0.03855931494503806,0.011062659940086927
2024-02-09,0.01802352654917372,-0.005304001097562017,0.005441996012354178
2024-02-12,-0.029782454087128984,0.027481546323108175,-0.005182940115861179
2024-02-13,-0.030000810545730894,-0.04151692773866722,-0.015572076722949135
2024-02-14,0.033080982512782686,0.04914620132974212,0.023519554759292793
2024-02-15,-0.009104999066341102,0.008733597010331495,0.01457878972307447
2024-02-16,-0.009032830160835115,-0.03817392047144319,-0.001721342811363047
2024-02-20,-0.01524440050951359,-0.04255322801969996,-0.016265459274032334
2024-02-21,0.05944785026954014,-0.028205122144081662,-0.0012873433036610926
2024-02-22,0.02312263287368488,0.037379084873575996,0.04615683320347297
2024-02-23,-0.011925759429188276,-0.02628235842403681,-0.10377453888741017
2024-02-26,0.002384086295033727,0.025685684380707396,-0.011777884049082532
2024-02-27,0.04296130761500261,0.04117152982559813,-0.0016707119725766217
2024-02-28,-0.007340464540498637,-0.004484329689050881,-0.017387866539774643
2024-02-29,0.006389542914401414,0.027027020694107673,0.01000959720637673
2024-03-01,-0.0064202735305168845,-0.005980846052096367,0.010938350553360454
2024-03-04,0.0021539564502237596,-0.03569993496805779,-0.03265852980642536
2024-03-05,-0.02185128966719374,-0.009567447621701364,-0.021018100299878495
2024-03-06,0.0205815394691109,0.09869804427468165,-0.0011131305768425914
2024-03-07,0.02454426768213791,0.011467860810795205,0.002851339929729191
2024-03-08,-0.02605772880248325,-0.015872947221369227,-0.011399101974042258
2024-03-11,-0.004387231298956018,-0.02649771543003976,0.023021452091942063
2024-03-12,0.020515869009191556,-0.025641010207061332,-0.0011373780190278016
2024-03-13,0.009768454606697174,0.012145717724457494,0.0032738530575391334
2024-03-14,-0.03007356095119007,-0.022799987792968768,0.006868236220091806
2024-03-15,-0.020164738897262446,-0.03847730341036737,-0.03955754545531309
2024-03-18,0.02175995270979958,0.02171137649430288,0.0063621042876473854
2024-03-19,-0.01440232684408882,-0.008333365122477177,0.0068850549961503305
2024-03-20,0.03856436275426933,0.03235296144735389,0.006186506065756436
2024-03-21,-0.013400056325908571,-0.003256000191278252,0.017562319265725712
2024-03-22,-0.003931682423028993,-0.012658206159232965,0.010477697640309147
2024-03-25,-0.011769767710281376,0.013647639352403873,-0.01394413710105391
2024-03-26,0.002541801824782697,0.015503841583763833,-0.008135107310319412
2024-03-27,-0.010938136416113409,-0.015267142229205555,-0.009632729891975056
2024-03-28,0.006884447690255646,-0.061199509832417176,-0.007020696355143241
2024-04-01,-0.0005091072709109135,-0.006518888180713556,0.011237063595149976
2024-04-02,0.0010915791608099301,-0.0061242910437051545,-0.010752439210746867
2024-04-03,-0.004652510911653862,-0.0008802179145879219,-0.004978498818690058
2024-04-04,-0.01599475949966056,-0.00969168340568094,-0.01140873772264539
2024-04-05,0.0042307380857598,0.021352293238907194,0.009349252634118121
2024-04-08,-0.003325919719824766,0.00174220022310001,-0.008749976629987222
2024-04-09,0.009195329464228186,-0.008260892785113771,0.004319589071976715
2024-04-10,-0.035711666846436896,-0.017097737780781053,-0.011377856773207573
2024-04-11,0.0013716980906106624,0.018733277201815834,0.02000003964394459
2024-04-12,-0.032493753545888904,-0.0074430856023739445,-0.042068004908852985
2024-04-15,-0.025011800538318196,-0.033965613373281967,-0.019568746436615214
2024-04-16,-0.002016779621219933,-0.0009132629274910542,-0.012712941730884775
2024-04-17,-0.008810899247896242,-0.026051175351336164,-1.4321351746948707e-05
2024-04-18,-0.006932034614877014,-0.008446753152831277,-0.019751610061731983
2024-04-19,-0.0029563356399873175,-0.031235204620243096,-0.010085711577494938
2024-04-22,0.00107072934269703,0.02442599007190993,0.008699251926429952
2024-04-23,0.02172123884944921,0.03195041002539578,0.019565438496004006
2024-04-24,-0.020051520837898962,-0.002310500853547337,-0.017921146953404965
2024-04-25,-0.004190994543500248,0.005558079251350989,-0.004503681711906959
2024-04-26,-0.003053331784537261,0.03731006022337158,0.030920309205777263
2024-04-29,0.0033937891763511363,0.013765517746049172,0.023015636807654616
2024-04-30,-0.019386227111501952,-0.03766975966822328,0.014141081528586286
2024-05-01,0.0010094650829892693,0.006827561700820217,-0.0015012966885278312
2024-05-02,0.004538204262727996,0.019439348169665305,0.033971603447278786
2024-05-03,0.002509855725103316,0.03458983206365662,0.08271639862625402
2024-05-06,0.001418661156201928,0.08058290471129825,0.014283384944602018
2024-05-07,0.0178333282470704,-0.15113048807245055,0.021065977165171335
2024-05-08,-0.008432935847747958,0.007476628517019579,0.01663424836132621
2024-05-09,0.014614785188227675,-0.019480523501747116,-0.012453549387785534
2024-05-10,-0.005045533293013271,-0.025543946252104988,-0.0008434904390376419
2024-05-13,0.03885162699986888,0.01650486147047503,-0.009817178090772094
2024-05-14,0.05180689781110681,0.02387774533180087,0.0039169569039403385
2024-05-15,0.02822070795574705,0.010727590322163083,0.020541457155199394
2024-05-16,-0.015652256020173283,-0.0009229560541419435,0.012016307485634314
2024-05-17,0.0034759702579458818,0.005080859690058004,0.005761446333317766
2024-05-20,0.23835505116777878,-0.006433795412493448,0.02204470437674777
2024-05-21,0.029639302469386397,-0.017576366945631805,-0.00875973125179752
2024-05-22,-0.03358380091672686,-0.003295654217445154,-0.019914516955771955
2024-05-23,-0.011842787837944901,-0.021256531002253554,-0.016916364989932986
2024-05-24,0.02899336051979451,0.01399618364564481,-0.008100080782033614
2024-05-28,-0.029058837890625022,0.001903808079151137,0.008520494676087287
2024-05-29,-0.0013934068274623623,-0.00522559178098525,0.0010889843978703073
2024-05-30,-0.01565250137956742,0.03772679025933301,-0.0057958161864638535
2024-05-31,-0.007087789808840506,-0.0023009313444007917,0.01507691733226868
2024-06-03,0.03438853554464205,-0.016605193970666954,-0.018799442640965558
2024-06-04,-0.011821898871331227,0.036585398583981465,-0.03690775109780298
2024-06-05,0.0493715004142492,0.038913967789974135,-0.015791248652053724
2024-06-06,0.01857633911103962,0.03614990697521403,0.01008781927843816
2024-06-07,-0.036418320569127416,-0.02017660492277118,-0.012911024114589442
2024-06-10,-0.004540119367631212,-0.007722020990981737,0.0010748741790733707
2024-06-11,-0.0020138383830076156,0.03112845857445601,-0.013658953739430157
2024-06-12,0.001424358873231446,-0.003354294441362371,0.012240484696400378
2024-06-13,-0.020387616479058512,-0.02103491755872855,-0.011761062016473645
2024-06-14,-0.01016391036372677,0.012892102757155577,0.0010186363572470825
2024-06-17,-0.013935570996829516,0.06151891309773161,-0.014480408792883148
2024-06-18,-0.008367979223909972,0.031974389385444946,0.009087847285397022
2024-06-20,-0.013064110474475088,-0.010069722383999613,0.007391638936286027
2024-06-21,0.002723465300098704,-0.06729261929939856,0.009476173481655081
2024-06-24,-0.001705433678435897,0.013422805905036084,-0.01074345361206197
2024-06-25,-0.006010736664972316,0.016556275705983392,0.037539671540888
2024-06-26,0.0017185805422181843,-0.018729604823914725,0.02233476081197261
2024-06-27,0.01156514825372823,0.04647298398990585,-0.010762583211914478
2024-06-28,-0.000753785510064775,0.00436164208352352,-0.010530492735894459
2024-07-01,-0.011001445397768372,0.021713353285319537,-0.027869081263068973
2024-07-02,0.0026060792285329537,-0.0019319644003831238,-0.0007010485317369142
2024-07-03,-0.010334049757023123,0.0007743111816782555,-0.0031569697861292267
2024-07-05,-0.012107618934973696,0.0533848797060692,0.04242699820113027
2024-07-08,0.00855970435095621,0.01726041970636505,0.014943120778207808
2024-07-09,0.00810129567752349,-0.011191385009121535,0.022746873840014947
2024-07-10,0.039670906862990796,0.03760499122299277,-0.01074300948023521
2024-07-11,0.004355602342146048,-0.027445485029964245,0.002993733931941689
2024-07-12,0.014231626030308364,0.0155571749157426,0.030766947905022324
2024-07-15,-0.002529347553305361,0.021375147416918594,-0.009782980408671649
2024-07-16,0.01159209148308471,0.0,-0.013509215451558476
2024-07-17,-0.0347359428123728,-0.01569587588915078,-0.02926017700169925
2024-07-18,0.005873968795761408,0.014883064724072748,-0.028040379268841176
2024-07-19,0.0038112269725278924,-0.0020949534644217893,0.01646685084825661
2024-07-22,0.01726878146190791,-0.00419876975345479,0.022660752410459395
2024-07-23,0.015771794202909195,0.01229797585133019,0.002874263990270798
2024-07-24,-0.04308405852668684,-0.07670944552030268,-0.02935767136501366
2024-07-25,-0.03740638198587842,0.0011277736416039907,-0.010593299380117216
2024-07-26,0.002444862000380965,0.020653442048150117,0.016330748911477455
2024-07-29,0.0012194496141673117,-0.003679189858238674,-0.018338742782679107
2024-07-30,-0.005897424159905795,-0.02621857778703751,0.0029295669967173144
2024-07-31,0.005448808426141705,0.019719322482591117,0.02628908732784585
2024-08-01,-0.05127471681576745,-0.030122703024463404,-0.0376535232195081
2024-08-02,0.0006084742860561487,-0.05138037409922935,0.10589887666069453
2024-08-05,0.01243072750155938,-0.026273226537742,-7.883086202820078e-05
2024-08-06,0.04804482129265941,0.10377750038044042,0.019363746986732933
2024-08-07,-0.00452051105382989,-0.010154210463116264,0.02723718984553347
2024-08-08,0.04713779871750057,0.11246204506618462,0.005215934557655455
2024-08-09,-0.007757172385730149,0.024931677770392957,0.007606702962134726
2024-08-12,-0.02025234440097301,-0.020993037764422184,0.009662220203147998
2024-08-13,-0.0013194691444782247,0.03437713606985282,0.007561181020775187
2024-08-14,0.0006291670678557626,0.020072412721381827,-0.00920050377416548
2024-08-15,0.025149323629364062,0.007096752043693311,0.051549322851382806
2024-08-16,0.0036184993980241664,0.02754652583647954,-0.009251453209313754
2024-08-19,0.04577123882364087,0.013092211501644524,0.02529362429050952
2024-08-20,-0.00642789734195881,-0.005538470928485584,-0.011015762238812843
2024-08-21,-0.004293334898429424,0.00680696852662277,0.000897423654626861
2024-08-22,-0.02474898030642858,-0.019053497903792294,-0.009280386779974448
2024-08-23,0.017321789108952768,-0.004385945780507994,0.005772289633969585
2024-08-26,-0.012025982364593624,-0.02926369682448071,0.002194606060827997
2024-08-27,0.005483601559771012,-0.0003241565237659394,0.015718067807207525
2024-08-28,-0.017200018618539148,-0.015564187414442987,-0.020155051679097036
2024-08-29,-0.0040856036740192225,0.021080348378854197,0.010334956250853011
2024-08-30,0.020205655430921565,0.015483856201171875,0.022755283118775615
2024-09-03,-0.055155459793062134,-0.03081319337546551,-0.03467587827854601
2024-09-04,0.004446498377681296,0.002622088597374894,0.000713467615151675
2024-09-05,0.009169650942063567,-0.01405689123997611,0.02339341364949843
2024-09-06,-0.021932572752476842,0.005636607332693,-0.02557674175443858
2024-09-09,0.0020501797903362817,0.14078465417593322,0.02208402823354949
2024-09-10,-0.01751911982930454,0.004624273250525723,-0.006074199308041095
2024-09-11,-0.005596775932939946,0.0025891874837098428,0.014026729767609769
2024-09-12,0.006020930304783345,0.0017217037566177318,0.04605357721301662
2024-09-13,0.019646137447819623,0.019478668236837304,-0.008284650090978007
2024-09-16,-0.0009570572286344836,0.020230436010570507,-0.007943999628216347
2024-09-17,0.02273451460406184,0.0038556701832410667,-0.014842009705514858
2024-09-18,-0.003808933085229116,-0.001920430544829821,0.01368193123277095
2024-09-19,0.009778192823318932,0.012369454363041488,0.003215010706058896
2024-09-20,-0.002855410902787958,0.010046128522665176,-0.0026784406017429374
2024-09-23,0.020107045193049178,0.020161289909090163,-0.0005324383541295274
2024-09-24,0.002562996164398257,-0.02766796352968548,0.003980784852303243
2024-09-25,0.03317312331700761,0.005961989076113339,0.009611577007342387
2024-09-26,0.01178272614160214,-0.0005388054509476436,-0.014582753898043532
2024-09-27,-0.02003029190273997,-0.0070080412999090624,-0.01690307191198792
2024-09-30,-0.006714229722651788,0.009772003497841242,-0.006175201476826708
2024-10-01,-0.05790508333916744,-0.0198925178303766,0.0069007955903439555
2024-10-02,0.016508925989207723,0.028250208992264936,-0.04617357223849994
2024-10-03,-0.02086324201570433,0.046679112340641815,-0.005845589278287933
2024-10-04,0.019011137017793,0.019622747454900002,0.00040835486324231063
2024-10-07,-0.010329893824694403,-0.027992976227694255,0.00164794921875
2024-10-08,0.00018976960367789175,0.06582672701127446,0.02597759840027658
2024-10-09,0.019416811419762148,0.04053076656823307,0.016760752293920378
2024-10-10,0.03672920769789756,0.009042415487829691,-0.0036572396691830766
2024-10-11,0.0029323172739530445,-0.00022982849552533047,0.024827205150392162
2024-10-14,-0.02882034689777402,-0.0025280808985888026,-0.005355855908971363
2024-10-15,0.023777405422645392,-0.022350257755745173,-0.022279258586990203
2024-10-16,0.030876726057172288,-0.011784114928205858,0.006318769296520976
2024-10-17,0.03181494274989194,0.0016694417914320248,0.00947980999579956
2024-10-18,-0.02172199268897068,0.02309526715959831,0.0067380430934111946
2024-10-21,-0.0053059471260384905,-0.006283464046856535,0.009996220133774436
2024-10-22,-0.03212157769879376,0.005620558770055961,-0.015595696687206062
2024-10-23,-0.016863279854595015,-0.00815087296959982,-0.014082519863831355
2024-10-24,-0.0100843842665308,0.022775327946181978,0.008451454790513013
2024-10-25,0.0111411885005126,0.029843875024706534,-0.00417327260167899
2024-10-28,0.001400107880666912,0.002452086688696564,0.004268987915554634
2024-10-29,0.03091189491712587,-0.0008895022112859197,-0.014357416426168168
2024-10-30,-0.01005396564291472,-0.027598523704526978,-0.002886638873062175
2024-10-31,-0.0045271011646415005,-0.04875251362713107,0.00814565266165257
2024-11-01,-0.01902819990840343,0.0086620977805274,0.008698224096850948
2024-11-04,-0.003232882587557051,-0.012165991025997136,0.004282470799715332
2024-11-05,0.014625783832612482,0.23472594195893404,0.012748974761960907
2024-11-06,0.0065138830589619445,0.08605510696782459,0.013057372421656721
2024-11-07,0.030920351464178042,0.006302940689940195,-0.16211684318903252
2024-11-08,0.002673835920826262,0.04491764984889013,0.055218262304498555
2024-11-11,0.06457970660665757,0.03168354697990172,0.04762262164678499
2024-11-12,0.02886083135141071,-0.006474156598257785,0.008275704269865347
2024-11-13,-0.024346385329079068,0.014202210701574236,-0.02348553554561117
2024-11-14,-0.0017901803060135224,-0.025041193388117944,-0.02835391977237567
2024-11-15,-0.021737949673442336,0.11135512510827539,0.0020253965073133706
2024-11-18,0.0017777197599246897,-0.0685722753797442,0.019212763360206164
2024-11-19,0.020074280931793975,0.028077069340998184,0.00020354395832788974
2024-11-20,0.143082401526891,-0.013655138402705491,0.007696281222034251
2024-11-21,0.042421638786800386,-0.012234358251785427,0.019101526703757754
2024-11-22,-0.009078906295902023,0.04872877825990618,0.018723153788496427
2024-11-25,0.028591191533704263,0.004662052196915845,0.04735658412562338
2024-11-26,-0.004341798508585071,0.016859958424816135,0.004785851597328028
2024-11-27,-0.015869442279055512,0.004715625160662373,-0.030919426651362603
2024-11-29,0.02206386985635378,0.015594227580727704,-0.029142767628335453
2024-12-02,-0.014436448140816793,-0.010286261517166717,-0.016487304268411607
2024-12-03,-0.0035825736057887303,0.06883566405841512,-0.01175449789013494
2024-12-04,0.04382853099085593,-0.015642624361229096,0.030028693473307166
2024-12-05,-0.03544802557861315,0.02891917418164769,-0.0012478942513884927
2024-12-06,-0.0069614344834284525,0.06219553945294898,-0.01902813591780428
2024-12-09,-0.022487196591944314,-0.05082522189606353,-0.052835383500741906
2024-12-10,-0.01541404830358073,-0.02166712275270577,0.01891232660595299
2024-12-11,0.026297181147373117,0.022852345331217272,0.009945795970610627
2024-12-12,0.03460986366523011,0.009515857008463025,-0.014279152763708725
2024-12-13,-0.02178173447504872,0.03920768942943176,-0.025075254408578496
2024-12-16,-0.013205199619437002,-0.0042066477732086716,-0.014880536261782207
2024-12-17,0.010474777090792253,-0.017953803436984273,0.006901478592242771
2024-12-18,-0.01753583164129957,-0.038714844428654804,-0.051262487001791035
2024-12-19,0.0106442004863323,0.03775691326506392,-0.029352477155111245
2024-12-20,0.018120786341014883,0.08543328453714683,0.032629042828068666
2024-12-23,-0.0016713878364212897,0.0017380432569131798,0.005516281659175837
2024-12-24,0.02361991502580607,0.020944290009644373,0.0077694965842398656
2024-12-26,-0.010255535813366579,-0.00291330264349543,-0.006040319775209468
2024-12-27,-0.02501112549076534,-0.03725344024021726,-0.004207183349923982
2024-12-30,-0.004168592072321786,-0.024026321217569535,-0.0021269114718377446
2024-12-31,-0.013064061575345232,-0.020082962498432,-0.012405684060941335
2025-01-02,0.009228597992894993,-0.0058177287847492876,0.03796667969370282
2025-01-03,0.028725817465334202,0.06250826965865275,0.039189826597910704
2025-01-06,0.018855205154847177,-0.04969334398589975,-0.018945898781147053
2025-01-07,-0.02749500030087282,-0.07810854120385657,-0.015671756762449696
2025-01-08,0.01712654009474668,-0.0251463717753162,-0.018190835263863114
2025-01-10,-0.026148203627512134,-0.014216637446560432,0.011368613876509448
2025-01-13,0.02726194697183315,-0.03389828585908894,-0.010672242148096589
2025-01-14,0.05245346283396435,0.014312099986626858,0.00782183066181763
2025-01-15,0.023184953940548647,0.03383394937999462,0.04820914557323963
2025-01-16,-0.0004961756492083413,0.01614321226847859,-0.000527688540239879
2025-01-17,-0.0034337325288065212,0.03653955599875491,-0.0006423179418663105
2025-01-21,-0.011291465928826017,0.018113461231203942,-0.0008115415219906996
2025-01-22,-0.01330981313060553,0.052004968764588266,-0.0087325876915203
2025-01-23,0.006638287483377692,0.02744894672773235,0.005631040197837667
2025-01-24,-0.0065522618691010726,0.0,0.008049286040223258
2025-01-27,-0.0025105159426462853,-0.04482148347764747,0.0013833024468627997
2025-01-28,0.052640544468383066,0.06349417763139265,0.0268310017859561
2025-01-29,-0.018722626114580754,-0.005858172766267322,-0.003044013780879151
2025-01-30,0.0010324605626090833,0.018304902775440945,0.03045886050397284
2025-01-31,-0.014439539621325936,0.015636501157090477,-0.012904918336969717
2025-02-03,-0.03516260169092855,0.01515335231386894,-0.0069139457583805575
2025-02-04,-0.013319481326967142,0.23990929639105207,0.030127303174652953
2025-02-05,-0.011300642362684798,-0.023788897015740718,0.004464942241929393
2025-02-06,-0.009206169748849247,0.0978689631926879,0.019041261112892283
2025-02-07,-0.011087176740449234,-0.0038641293124797027,-0.00802366058340731
2025-02-10,0.017520769157672644,0.0523229872042974,0.02282320172882346
2025-02-11,0.014453341301819744,-0.034547781625213436,-0.003447188399476775
2025-02-12,0.014819027584181077,0.04235479068314252,-0.00906557294945265
2025-02-13,-0.019932429707284927,0.004429715266757173,0.024504977043834808
2025-02-14,-0.010964699831315428,0.010601305751648304,0.02121825131898447
2025-02-18,0.01823872099559609,0.04582073612514348,-0.005327034861016822
2025-02-19,-0.04732636244212973,-0.1007864300366722,-0.010939826533650998
2025-02-20,-0.0615207654539891,-0.051668758180187124,0.016706859069565372
2025-02-21,-0.027203503325164857,-0.04629715182423799,0.07085153135207012
2025-02-24,0.021225590924736748,-0.10527872056820808,-0.016216770948561998
2025-02-25,-0.015347333070063973,-0.03131896733267936,-0.02462500172946891
2025-02-26,-0.0002510067269343441,0.016734987272182034,0.01339103274654474
2025-02-27,0.014360316116501792,-0.05083418474565271,-0.03086940857740561
2025-02-28,-0.006583515508003512,0.0017695119950340565,-0.003723322123590056
2025-03-03,-0.056405437174299466,-0.017663683847658596,-0.02425228795169354
2025-03-04,-0.005703130690721925,0.01174782280561626,-0.0050906802852083155
2025-03-05,0.04907326901394371,0.067890943411679,0.025681183440817268
2025-03-06,-0.05330835237366749,-0.10728945371823584,-0.03195805454785383
2025-03-07,-0.002352954232119009,0.05530704235982875,-0.017557772487318157
2025-03-10,-0.08662094700678757,-0.10045938100103835,-0.032214548841825286
2025-03-11,0.032100947280702785,0.021864439099140043,0.023398008003015613
2025-03-12,-0.004946808104519418,0.07174885656836594,0.007396561401868729
2025-03-13,-0.012399989536830303,-0.04817691220304532,-0.007546777140434835
2025-03-14,-0.001388679573114171,0.08314487426304051,0.01591699488491205
2025-03-17,0.013905841625807769,0.012871064910101149,0.0420951958453204
2025-03-18,-0.039316559042460675,-0.03961075151589999,-0.04921048300544961
2025-03-19,0.025578508334697103,0.026344011211726803,0.031525809386248715
2025-03-20,-0.019024411052882106,0.014982589296039128,0.0007890485683796911
2025-03-21,0.01892033853164854,0.040851352783589645,0.013397345800161942
2025-03-24,0.0024371738204764792,0.06365436426786131,0.0186324620209255
2025-03-25,0.0032416645938857513,-0.0025839793281653423,0.026701832756166777
2025-03-26,-0.027003593224326328,-0.04373058259795981,-0.05308724297579037
2025-03-27,0.031133249409845076,-0.023732146406330257,0.010062857413810855
2025-03-28,-0.04324824051810383,-0.04706402526499209,-0.02279744593867017
2025-03-31,-0.017912934098376243,-0.01688988903918598,-0.04745934953292419
2025-04-01,0.0037948041293804913,0.0033175210217386564,-0.018386666055127288
2025-04-02,0.01140240925114333,0.03271134427354383,0.009937352113250641
2025-04-03,-0.05986611785190976,-0.04402514132047075,0.0059564843134509715
2025-04-04,-0.03802749674060368,-0.11471287694890653,-0.05358896309474259
2025-04-07,-0.017665448926895477,0.051749683706403315,-0.025286650992505377
2025-04-08,0.015200905835275336,-0.00668032717793543,0.01748452704546488
2025-04-09,0.10274060488040515,0.18998968571374153,0.08463348323368991
2025-04-10,-0.05631332045935644,-0.037169934995503695,-0.023562874567033654
2025-04-11,0.018114128063274615,-0.0004514424628744296,0.03255443991717355
2025-04-14,0.0015142302407826769,0.0459627278888437,0.02011569890459164
2025-04-15,0.01304014107218121,0.06240551293343777,0.039860230834127375
2025-04-16,0.001492478681722531,-0.05782522716638161,-0.025468271758223415
2025-04-17,-0.00800998770864536,0.011541362370733,0.01695432408587849
2025-04-21,-0.08299946771886346,-0.03177645304253229,-0.020453842414600687
2025-04-22,0.055358365940966214,0.035132100273095324,0.034963577109098365
2025-04-23,0.027488519392163013,0.07266732616543092,0.00544551048219466
2025-04-24,0.04009816878203143,0.06903391296905514,0.03032362849442194
2025-04-25,0.0072928757623507146,0.046390796591476935,0.009542789856428424
2025-04-28,-0.009943814723908817,0.0165809786027884,-0.00783978909041294
2025-04-29,0.03155720953249275,0.012472745627072568,0.03281117926206378
2025-04-30,-0.0022943840419525907,0.020330811277780247,0.021917166279382228
2025-05-01,-0.009788334795420295,-0.01891257554028014,-0.015586621448342441
2025-05-02,-0.006550294126733469,0.06953530157710497,-0.006027438421664089
2025-05-05,-0.0023977051542475314,-0.00410365417798364,-0.014973496275733744
2025-05-06,-0.013819551127718377,-0.1204653505462473,-0.007807579102760864
2025-05-07,0.014135088018099706,0.014881524320219164,0.014845261503196427
2025-05-08,0.034965499735205796,0.07847572325767116,0.06538639327459306
2025-05-09,-0.004295614296228156,-0.015526634078299018,0.016597510373443924
2025-05-12,0.04768849759682747,0.009889138981548085,0.02228983976403054
2025-05-13,0.028824174961101567,0.08137774011097854,0.004196265811784672
2025-05-14,0.02552869942281677,0.016237209002041952,0.01943441288488401
2025-05-15,-0.03533567283727124,-0.01582422549157969,0.008771447049288117
2025-05-16,-0.0008747671472630891,0.010927327572818779,-0.0006070266520663559
2025-05-19,-0.013844042567972004,-0.024629418901930378,-0.0025415968065983785
2025-05-20,0.008434159705722699,-0.005857717742723478,0.00033349360974344044
2025-05-21,-0.1617696063973063,-0.03989166854784287,0.008824411393538512
2025-05-22,0.017395360502672652,0.014181448486528803,0.001552684738097998
2025-05-23,-0.02406613880978692,0.008340801663506259,-0.03767442614291994
2025-05-27,0.005950080576214489,0.0006487862512256637,0.01887681472637648
2025-05-28,0.0009200800885844629,0.002998644528829475,-0.0017454654969588645
2025-05-29,-0.008995471756563123,-0.01163544292623031,-0.002046477562351434
2025-05-30,-0.01311863661050039,0.07733812220466296,0.00699277895274153
2025-06-02,6.72021875132156e-05,0.0019729436124169553,0.011762189172621618
2025-06-03,0.018058452345429243,0.008558050138367967,0.0034009148307450054
2025-06-04,0.010550650629157277,-0.023729095934209243,-0.010875181081798968
2025-06-05,0.0,-0.07768626468325479,0.0030225914213681815
2025-06-06,-0.0060684677049347435,0.065132160120696,-0.03848183706804298
2025-06-09,0.010766802197938796,0.03398055352654605,-0.013611800073348723
2025-06-10,0.030267525331957534,0.005679236815578692,-0.021302031434176083
2025-06-11,-0.019669620560021195,0.026955815803514582,-0.00393915209104323
2025-06-12,-0.004823151125401881,-0.008798276659668813,-0.007616226074832477
2025-06-13,-0.03651046136661951,0.016347299468656873,0.0013339603761308716
2025-06-16,0.05057004009039434,0.02918493408846934,0.03489912645911786
2025-06-17,0.0032558382841110234,-0.02269999738870887,-0.02659324293909604
2025-06-18,0.008590557785225661,0.012735237369680519,0.005553517769438132
2025-06-20,-0.0036593175460863936,-0.019005455376602365,0.00044118555561345474
2025-06-23,0.004844221115238634,0.019082265542265553,0.020417517519286443
2025-06-24,0.015912084911121394,0.023656357932460237,0.03100834604271885
2025-06-25,-0.008932463131535728,-0.0023039994477305203,0.004567132229237325
2025-06-26,-0.0031921496650602066,0.00944720896554796,0.007754359839352576
2025-06-27,-0.007848800973971781,-0.09365680767303941,-5.85510298448666e-05
2025-06-30,0.002847998371468652,0.04268014071137882,0.02092921347725274
2025-07-01,0.016218553303928296,-0.041373344669968226,-0.042940272915758304
2025-07-02,0.022045600687256695,0.011019303046480244,-0.011733371176725793
2025-07-03,-0.0017621129037267425,0.016954326187926583,0.01698994727874137
2025-07-07,-0.0037129504856036055,0.035427169434451455,-0.005158994630664049
2025-07-08,-0.011699617374287485,0.004241026576968343,-0.009787763567771113
2025-07-09,-0.02327449945200799,0.024479264222996067,0.0001938062060178325
2025-07-10,-0.012974702859226639,-0.004401626921820556,-0.030269502036246343
